1764768512793	geckodriver	INFO	Listening on 127.0.0.1:52867
1764768512844	mozrunner::runner	INFO	Running command: MOZ_CRASHREPORTER="1" MOZ_CRASHREPORTER_NO_REPORT="1" MOZ_CRASHREPORTER_SHUTDOWN="1" "/usr/bin/firefox" "--m ... te" "--remote-debugging-port" "40963" "--remote-allow-hosts" "localhost" "-no-remote" "-profile" "/tmp/rust_mozprofile8skEO5"
console.warn: services.settings: Ignoring preference override of remote settings server
console.warn: services.settings: Allow by setting MOZ_REMOTE_SETTINGS_DEVTOOLS=1 in the environment
ATTENTION: default value of option mesa_glthread overridden by environment.
1764768513390	Marionette	INFO	Marionette enabled
1764768513543	Marionette	INFO	Listening on port 46267
WebDriver BiDi listening on ws://127.0.0.1:40963
Read port: 46267
1764768513709	RemoteAgent	WARN	TLS certificate errors will be ignored for this session
ATTENTION: default value of option mesa_glthread overridden by environment.
JavaScript warning: https://static.xx.fbcdn.net/rsrc.php/v4iCOM4/yY/l/en_GB-j/gVIGDrrDAoRhK2LqjPP7NW7z7ver8cRjiiVwhGINgQPMkMQs7zwiIX1ldlUDUZRIYNYr9cOD4L8aFkRgL1whZavBaExdm4yTth006dRcz27ZX1El7FcHFrsx5hJ313U968CArruBGGEYFdG9gP03mv4ZH9Zvj4hlUZOtJqPeohBsgfCcayIY396RxMTWT1ULui7SL9hU8zvxhWPAdRQCU0soSFlNA9Vo0VDRw8WZEoStQUE_H7bYZLjz85TBvKef6G-hKocdkHM2TrHr72zrsOfCedTPWKATCB6ghfjDQ-xOIpMUxdxUNh9-DZBIN8j5Wu6jBGHRQa.js, line 107: WEBGL_debug_renderer_info is deprecated in Firefox and will be removed. Please use RENDERER.
ATTENTION: default value of option mesa_glthread overridden by environment.
ATTENTION: default value of option mesa_glthread overridden by environment.
ATTENTION: default value of option mesa_glthread overridden by environment.
1764768545964	Marionette	INFO	Stopped listening on port 46267
console.error: "Failed to fetch https://spocs.getpocket.com/user:" "NetworkError when attempting to fetch resource."
console.error: (new TypeError("NetworkError when attempting to fetch resource.", ""))
console.error: (new Error("OHTTP was configured for https://ads.mozilla.org/v1/delete_user but we couldn't fetch a valid config", "moz-src:///browser/modules/ContextId.sys.mjs", 234))
console.warn: TopSitesFeed: Failed to fetch data from MARS server: NetworkError when attempting to fetch resource.
JavaScript error: resource://gre/modules/ObliviousHTTP.sys.mjs, line 117: NS_ERROR_XPC_CANT_CONVERT_PRIMITIVE_TO_ARRAY: Cannot convert primitive JavaScript value into an array arg 2 [nsIObliviousHttpService.newChannel]
console.error: RemoteSecuritySettings: 
  failed to download CRLite filter
Object
  - prototype Object
    - columnNumber = 0
    - data = null
    - filename = resource://gre/modules/ServiceRequest.sys.mjs
    - lineNumber = 126
    - location = {"name":"open","filename":"resource://gre/modules/ServiceRequest.sys.mjs","sourceId":25,"lineNumber":126,"columnNumber":11,"asyncCause":null,"asyncCaller":null,"caller":{"filename":"resource://services-settings/Utils.sys.mjs","name":"fetch/<","sourceId":24,"lineNumber":272,"columnNumber":15,"asyncCause":null,"asyncCaller":null,"caller":{"filename":"resource://services-settings/Utils.sys.mjs","name":"fetch","sourceId":24,"lineNumber":223,"columnNumber":12,"asyncCause":null,"asyncCaller":null,"caller":{"filename":"resource://services-settings/Attachments.sys.mjs","name":"_fetchAttachment","sourceId":23,"lineNumber":560,"columnNumber":35,"asyncCause":null,"asyncCaller":null,"caller":{"filename":"resource://services-settings/Attachments.sys.mjs","name":"downloadAsBytes","sourceId":23,"lineNumber":537,"columnNumber":35,"asyncCause":null,"asyncCaller":null,"caller":null,"formattedStack":"downloadAsBytes@resource://services-settings/Attachments.sys.mjs:537:35\n","nativeSavedFrame":{}},"formattedStack":"_fetchAttachment@resource://services-settings/Attachments.sys.mjs:560:35\ndownloadAsBytes@resource://services-settings/Attachments.sys.mjs:537:35\n","nativeSavedFrame":{}},"formattedStack":"fetch@resource://services-settings/Utils.sys.mjs:223:12\n_fetchAttachment@resource://services-settings/Attachments.sys.mjs:560:35\ndownloadAsBytes@resource://services-settings/Attachments.sys.mjs:537:35\n","nativeSavedFrame":{}},"formattedStack":"fetch/<@resource://services-settings/Utils.sys.mjs:272:15\nfetch@resource://services-settings/Utils.sys.mjs:223:12\n_fetchAttachment@resource://services-settings/Attachments.sys.mjs:560:35\ndownloadAsBytes@resource://services-settings/Attachments.sys.mjs:537:35\n","nativeSavedFrame":{}},"formattedStack":"open@resource://gre/modules/ServiceRequest.sys.mjs:126:11\nfetch/<@resource://services-settings/Utils.sys.mjs:272:15\nfetch@resource://services-settings/Utils.sys.mjs:223:12\n_fetchAttachment@resource://services-settings/Attachments.sys.mjs:560:35\ndownloadAsBytes@resource://services-settings/Attachments.sys.mjs:537:35\n","nativeSavedFrame":{}}
    - message = 
    - name = 
    - result = 2152071198
    - stack = open@resource://gre/modules/ServiceRequest.sys.mjs:126:11|fetch/<@resource://services-settings/Utils.sys.mjs:272:15|fetch@resource://services-settings/Utils.sys.mjs:223:12|_fetchAttachment@resource://services-settings/Attachments.sys.mjs:560:35|downloadAsBytes@resource://services-settings/Attachments.sys.mjs:537:35|
  - prototype Object
console.error: RemoteSecuritySettings: 
  failed to download CRLite filter
Object
  - prototype Object
    - columnNumber = 0
    - data = null
    - filename = resource://gre/modules/ServiceRequest.sys.mjs
    - lineNumber = 126
    - location = {"name":"open","filename":"resource://gre/modules/ServiceRequest.sys.mjs","sourceId":25,"lineNumber":126,"columnNumber":11,"asyncCause":null,"asyncCaller":null,"caller":{"filename":"resource://services-settings/Utils.sys.mjs","name":"fetch/<","sourceId":24,"lineNumber":272,"columnNumber":15,"asyncCause":null,"asyncCaller":null,"caller":{"filename":"resource://services-settings/Utils.sys.mjs","name":"fetch","sourceId":24,"lineNumber":223,"columnNumber":12,"asyncCause":null,"asyncCaller":null,"caller":{"filename":"resource://services-settings/Attachments.sys.mjs","name":"_fetchAttachment","sourceId":23,"lineNumber":560,"columnNumber":35,"asyncCause":null,"asyncCaller":null,"caller":{"filename":"resource://services-settings/Attachments.sys.mjs","name":"downloadAsBytes","sourceId":23,"lineNumber":537,"columnNumber":35,"asyncCause":null,"asyncCaller":null,"caller":null,"formattedStack":"downloadAsBytes@resource://services-settings/Attachments.sys.mjs:537:35\n","nativeSavedFrame":{}},"formattedStack":"_fetchAttachment@resource://services-settings/Attachments.sys.mjs:560:35\ndownloadAsBytes@resource://services-settings/Attachments.sys.mjs:537:35\n","nativeSavedFrame":{}},"formattedStack":"fetch@resource://services-settings/Utils.sys.mjs:223:12\n_fetchAttachment@resource://services-settings/Attachments.sys.mjs:560:35\ndownloadAsBytes@resource://services-settings/Attachments.sys.mjs:537:35\n","nativeSavedFrame":{}},"formattedStack":"fetch/<@resource://services-settings/Utils.sys.mjs:272:15\nfetch@resource://services-settings/Utils.sys.mjs:223:12\n_fetchAttachment@resource://services-settings/Attachments.sys.mjs:560:35\ndownloadAsBytes@resource://services-settings/Attachments.sys.mjs:537:35\n","nativeSavedFrame":{}},"formattedStack":"open@resource://gre/modules/ServiceRequest.sys.mjs:126:11\nfetch/<@resource://services-settings/Utils.sys.mjs:272:15\nfetch@resource://services-settings/Utils.sys.mjs:223:12\n_fetchAttachment@resource://services-settings/Attachments.sys.mjs:560:35\ndownloadAsBytes@resource://services-settings/Attachments.sys.mjs:537:35\n","nativeSavedFrame":{}}
    - message = 
    - name = 
    - result = 2152071198
    - stack = open@resource://gre/modules/ServiceRequest.sys.mjs:126:11|fetch/<@resource://services-settings/Utils.sys.mjs:272:15|fetch@resource://services-settings/Utils.sys.mjs:223:12|_fetchAttachment@resource://services-settings/Attachments.sys.mjs:560:35|downloadAsBytes@resource://services-settings/Attachments.sys.mjs:537:35|
  - prototype Object
console.error: RemoteSecuritySettings: 
  failed to download CRLite filter
Object
  - prototype Object
    - columnNumber = 0
    - data = null
    - filename = resource://gre/modules/ServiceRequest.sys.mjs
    - lineNumber = 126
    - location = {"name":"open","filename":"resource://gre/modules/ServiceRequest.sys.mjs","sourceId":25,"lineNumber":126,"columnNumber":11,"asyncCause":null,"asyncCaller":null,"caller":{"filename":"resource://services-settings/Utils.sys.mjs","name":"fetch/<","sourceId":24,"lineNumber":272,"columnNumber":15,"asyncCause":null,"asyncCaller":null,"caller":{"filename":"resource://services-settings/Utils.sys.mjs","name":"fetch","sourceId":24,"lineNumber":223,"columnNumber":12,"asyncCause":null,"asyncCaller":null,"caller":{"filename":"resource://services-settings/Attachments.sys.mjs","name":"_fetchAttachment","sourceId":23,"lineNumber":560,"columnNumber":35,"asyncCause":null,"asyncCaller":null,"caller":{"filename":"resource://services-settings/Attachments.sys.mjs","name":"downloadAsBytes","sourceId":23,"lineNumber":537,"columnNumber":35,"asyncCause":null,"asyncCaller":null,"caller":null,"formattedStack":"downloadAsBytes@resource://services-settings/Attachments.sys.mjs:537:35\n","nativeSavedFrame":{}},"formattedStack":"_fetchAttachment@resource://services-settings/Attachments.sys.mjs:560:35\ndownloadAsBytes@resource://services-settings/Attachments.sys.mjs:537:35\n","nativeSavedFrame":{}},"formattedStack":"fetch@resource://services-settings/Utils.sys.mjs:223:12\n_fetchAttachment@resource://services-settings/Attachments.sys.mjs:560:35\ndownloadAsBytes@resource://services-settings/Attachments.sys.mjs:537:35\n","nativeSavedFrame":{}},"formattedStack":"fetch/<@resource://services-settings/Utils.sys.mjs:272:15\nfetch@resource://services-settings/Utils.sys.mjs:223:12\n_fetchAttachment@resource://services-settings/Attachments.sys.mjs:560:35\ndownloadAsBytes@resource://services-settings/Attachments.sys.mjs:537:35\n","nativeSavedFrame":{}},"formattedStack":"open@resource://gre/modules/ServiceRequest.sys.mjs:126:11\nfetch/<@resource://services-settings/Utils.sys.mjs:272:15\nfetch@resource://services-settings/Utils.sys.mjs:223:12\n_fetchAttachment@resource://services-settings/Attachments.sys.mjs:560:35\ndownloadAsBytes@resource://services-settings/Attachments.sys.mjs:537:35\n","nativeSavedFrame":{}}
    - message = 
    - name = 
    - result = 2152071198
    - stack = open@resource://gre/modules/ServiceRequest.sys.mjs:126:11|fetch/<@resource://services-settings/Utils.sys.mjs:272:15|fetch@resource://services-settings/Utils.sys.mjs:223:12|_fetchAttachment@resource://services-settings/Attachments.sys.mjs:560:35|downloadAsBytes@resource://services-settings/Attachments.sys.mjs:537:35|
  - prototype Object
console.error: RemoteSecuritySettings: 
  failed to download CRLite filter
Object
  - prototype Object
    - columnNumber = 0
    - data = null
    - filename = resource://gre/modules/ServiceRequest.sys.mjs
    - lineNumber = 126
    - location = {"name":"open","filename":"resource://gre/modules/ServiceRequest.sys.mjs","sourceId":25,"lineNumber":126,"columnNumber":11,"asyncCause":null,"asyncCaller":null,"caller":{"filename":"resource://services-settings/Utils.sys.mjs","name":"fetch/<","sourceId":24,"lineNumber":272,"columnNumber":15,"asyncCause":null,"asyncCaller":null,"caller":{"filename":"resource://services-settings/Utils.sys.mjs","name":"fetch","sourceId":24,"lineNumber":223,"columnNumber":12,"asyncCause":null,"asyncCaller":null,"caller":{"filename":"resource://services-settings/Attachments.sys.mjs","name":"_fetchAttachment","sourceId":23,"lineNumber":560,"columnNumber":35,"asyncCause":null,"asyncCaller":null,"caller":{"filename":"resource://services-settings/Attachments.sys.mjs","name":"downloadAsBytes","sourceId":23,"lineNumber":537,"columnNumber":35,"asyncCause":null,"asyncCaller":null,"caller":null,"formattedStack":"downloadAsBytes@resource://services-settings/Attachments.sys.mjs:537:35\n","nativeSavedFrame":{}},"formattedStack":"_fetchAttachment@resource://services-settings/Attachments.sys.mjs:560:35\ndownloadAsBytes@resource://services-settings/Attachments.sys.mjs:537:35\n","nativeSavedFrame":{}},"formattedStack":"fetch@resource://services-settings/Utils.sys.mjs:223:12\n_fetchAttachment@resource://services-settings/Attachments.sys.mjs:560:35\ndownloadAsBytes@resource://services-settings/Attachments.sys.mjs:537:35\n","nativeSavedFrame":{}},"formattedStack":"fetch/<@resource://services-settings/Utils.sys.mjs:272:15\nfetch@resource://services-settings/Utils.sys.mjs:223:12\n_fetchAttachment@resource://services-settings/Attachments.sys.mjs:560:35\ndownloadAsBytes@resource://services-settings/Attachments.sys.mjs:537:35\n","nativeSavedFrame":{}},"formattedStack":"open@resource://gre/modules/ServiceRequest.sys.mjs:126:11\nfetch/<@resource://services-settings/Utils.sys.mjs:272:15\nfetch@resource://services-settings/Utils.sys.mjs:223:12\n_fetchAttachment@resource://services-settings/Attachments.sys.mjs:560:35\ndownloadAsBytes@resource://services-settings/Attachments.sys.mjs:537:35\n","nativeSavedFrame":{}}
    - message = 
    - name = 
    - result = 2152071198
    - stack = open@resource://gre/modules/ServiceRequest.sys.mjs:126:11|fetch/<@resource://services-settings/Utils.sys.mjs:272:15|fetch@resource://services-settings/Utils.sys.mjs:223:12|_fetchAttachment@resource://services-settings/Attachments.sys.mjs:560:35|downloadAsBytes@resource://services-settings/Attachments.sys.mjs:537:35|
  - prototype Object
console.error: RemoteSecuritySettings: 
  failed to download CRLite filter
Object
  - prototype Object
    - columnNumber = 0
    - data = null
    - filename = resource://gre/modules/ServiceRequest.sys.mjs
    - lineNumber = 126
    - location = {"name":"open","filename":"resource://gre/modules/ServiceRequest.sys.mjs","sourceId":25,"lineNumber":126,"columnNumber":11,"asyncCause":null,"asyncCaller":null,"caller":{"filename":"resource://services-settings/Utils.sys.mjs","name":"fetch/<","sourceId":24,"lineNumber":272,"columnNumber":15,"asyncCause":null,"asyncCaller":null,"caller":{"filename":"resource://services-settings/Utils.sys.mjs","name":"fetch","sourceId":24,"lineNumber":223,"columnNumber":12,"asyncCause":null,"asyncCaller":null,"caller":{"filename":"resource://services-settings/Attachments.sys.mjs","name":"_fetchAttachment","sourceId":23,"lineNumber":560,"columnNumber":35,"asyncCause":null,"asyncCaller":null,"caller":{"filename":"resource://services-settings/Attachments.sys.mjs","name":"downloadAsBytes","sourceId":23,"lineNumber":537,"columnNumber":35,"asyncCause":null,"asyncCaller":null,"caller":null,"formattedStack":"downloadAsBytes@resource://services-settings/Attachments.sys.mjs:537:35\n","nativeSavedFrame":{}},"formattedStack":"_fetchAttachment@resource://services-settings/Attachments.sys.mjs:560:35\ndownloadAsBytes@resource://services-settings/Attachments.sys.mjs:537:35\n","nativeSavedFrame":{}},"formattedStack":"fetch@resource://services-settings/Utils.sys.mjs:223:12\n_fetchAttachment@resource://services-settings/Attachments.sys.mjs:560:35\ndownloadAsBytes@resource://services-settings/Attachments.sys.mjs:537:35\n","nativeSavedFrame":{}},"formattedStack":"fetch/<@resource://services-settings/Utils.sys.mjs:272:15\nfetch@resource://services-settings/Utils.sys.mjs:223:12\n_fetchAttachment@resource://services-settings/Attachments.sys.mjs:560:35\ndownloadAsBytes@resource://services-settings/Attachments.sys.mjs:537:35\n","nativeSavedFrame":{}},"formattedStack":"open@resource://gre/modules/ServiceRequest.sys.mjs:126:11\nfetch/<@resource://services-settings/Utils.sys.mjs:272:15\nfetch@resource://services-settings/Utils.sys.mjs:223:12\n_fetchAttachment@resource://services-settings/Attachments.sys.mjs:560:35\ndownloadAsBytes@resource://services-settings/Attachments.sys.mjs:537:35\n","nativeSavedFrame":{}}
    - message = 
    - name = 
    - result = 2152071198
    - stack = open@resource://gre/modules/ServiceRequest.sys.mjs:126:11|fetch/<@resource://services-settings/Utils.sys.mjs:272:15|fetch@resource://services-settings/Utils.sys.mjs:223:12|_fetchAttachment@resource://services-settings/Attachments.sys.mjs:560:35|downloadAsBytes@resource://services-settings/Attachments.sys.mjs:537:35|
  - prototype Object
console.error: RemoteSecuritySettings: 
  failed to download CRLite filter
Object
  - prototype Object
    - columnNumber = 0
    - data = null
    - filename = resource://gre/modules/ServiceRequest.sys.mjs
    - lineNumber = 126
    - location = {"name":"open","filename":"resource://gre/modules/ServiceRequest.sys.mjs","sourceId":25,"lineNumber":126,"columnNumber":11,"asyncCause":null,"asyncCaller":null,"caller":{"filename":"resource://services-settings/Utils.sys.mjs","name":"fetch/<","sourceId":24,"lineNumber":272,"columnNumber":15,"asyncCause":null,"asyncCaller":null,"caller":{"filename":"resource://services-settings/Utils.sys.mjs","name":"fetch","sourceId":24,"lineNumber":223,"columnNumber":12,"asyncCause":null,"asyncCaller":null,"caller":{"filename":"resource://services-settings/Attachments.sys.mjs","name":"_fetchAttachment","sourceId":23,"lineNumber":560,"columnNumber":35,"asyncCause":null,"asyncCaller":null,"caller":{"filename":"resource://services-settings/Attachments.sys.mjs","name":"downloadAsBytes","sourceId":23,"lineNumber":537,"columnNumber":35,"asyncCause":null,"asyncCaller":null,"caller":null,"formattedStack":"downloadAsBytes@resource://services-settings/Attachments.sys.mjs:537:35\n","nativeSavedFrame":{}},"formattedStack":"_fetchAttachment@resource://services-settings/Attachments.sys.mjs:560:35\ndownloadAsBytes@resource://services-settings/Attachments.sys.mjs:537:35\n","nativeSavedFrame":{}},"formattedStack":"fetch@resource://services-settings/Utils.sys.mjs:223:12\n_fetchAttachment@resource://services-settings/Attachments.sys.mjs:560:35\ndownloadAsBytes@resource://services-settings/Attachments.sys.mjs:537:35\n","nativeSavedFrame":{}},"formattedStack":"fetch/<@resource://services-settings/Utils.sys.mjs:272:15\nfetch@resource://services-settings/Utils.sys.mjs:223:12\n_fetchAttachment@resource://services-settings/Attachments.sys.mjs:560:35\ndownloadAsBytes@resource://services-settings/Attachments.sys.mjs:537:35\n","nativeSavedFrame":{}},"formattedStack":"open@resource://gre/modules/ServiceRequest.sys.mjs:126:11\nfetch/<@resource://services-settings/Utils.sys.mjs:272:15\nfetch@resource://services-settings/Utils.sys.mjs:223:12\n_fetchAttachment@resource://services-settings/Attachments.sys.mjs:560:35\ndownloadAsBytes@resource://services-settings/Attachments.sys.mjs:537:35\n","nativeSavedFrame":{}}
    - message = 
    - name = 
    - result = 2152071198
    - stack = open@resource://gre/modules/ServiceRequest.sys.mjs:126:11|fetch/<@resource://services-settings/Utils.sys.mjs:272:15|fetch@resource://services-settings/Utils.sys.mjs:223:12|_fetchAttachment@resource://services-settings/Attachments.sys.mjs:560:35|downloadAsBytes@resource://services-settings/Attachments.sys.mjs:537:35|
  - prototype Object
console.error: RemoteSecuritySettings: 
  failed to download CRLite filter
Object
  - prototype Object
    - columnNumber = 0
    - data = null
    - filename = resource://gre/modules/ServiceRequest.sys.mjs
    - lineNumber = 126
    - location = {"name":"open","filename":"resource://gre/modules/ServiceRequest.sys.mjs","sourceId":25,"lineNumber":126,"columnNumber":11,"asyncCause":null,"asyncCaller":null,"caller":{"filename":"resource://services-settings/Utils.sys.mjs","name":"fetch/<","sourceId":24,"lineNumber":272,"columnNumber":15,"asyncCause":null,"asyncCaller":null,"caller":{"filename":"resource://services-settings/Utils.sys.mjs","name":"fetch","sourceId":24,"lineNumber":223,"columnNumber":12,"asyncCause":null,"asyncCaller":null,"caller":{"filename":"resource://services-settings/Attachments.sys.mjs","name":"_fetchAttachment","sourceId":23,"lineNumber":560,"columnNumber":35,"asyncCause":null,"asyncCaller":null,"caller":{"filename":"resource://services-settings/Attachments.sys.mjs","name":"downloadAsBytes","sourceId":23,"lineNumber":537,"columnNumber":35,"asyncCause":null,"asyncCaller":null,"caller":null,"formattedStack":"downloadAsBytes@resource://services-settings/Attachments.sys.mjs:537:35\n","nativeSavedFrame":{}},"formattedStack":"_fetchAttachment@resource://services-settings/Attachments.sys.mjs:560:35\ndownloadAsBytes@resource://services-settings/Attachments.sys.mjs:537:35\n","nativeSavedFrame":{}},"formattedStack":"fetch@resource://services-settings/Utils.sys.mjs:223:12\n_fetchAttachment@resource://services-settings/Attachments.sys.mjs:560:35\ndownloadAsBytes@resource://services-settings/Attachments.sys.mjs:537:35\n","nativeSavedFrame":{}},"formattedStack":"fetch/<@resource://services-settings/Utils.sys.mjs:272:15\nfetch@resource://services-settings/Utils.sys.mjs:223:12\n_fetchAttachment@resource://services-settings/Attachments.sys.mjs:560:35\ndownloadAsBytes@resource://services-settings/Attachments.sys.mjs:537:35\n","nativeSavedFrame":{}},"formattedStack":"open@resource://gre/modules/ServiceRequest.sys.mjs:126:11\nfetch/<@resource://services-settings/Utils.sys.mjs:272:15\nfetch@resource://services-settings/Utils.sys.mjs:223:12\n_fetchAttachment@resource://services-settings/Attachments.sys.mjs:560:35\ndownloadAsBytes@resource://services-settings/Attachments.sys.mjs:537:35\n","nativeSavedFrame":{}}
    - message = 
    - name = 
    - result = 2152071198
    - stack = open@resource://gre/modules/ServiceRequest.sys.mjs:126:11|fetch/<@resource://services-settings/Utils.sys.mjs:272:15|fetch@resource://services-settings/Utils.sys.mjs:223:12|_fetchAttachment@resource://services-settings/Attachments.sys.mjs:560:35|downloadAsBytes@resource://services-settings/Attachments.sys.mjs:537:35|
  - prototype Object
console.error: RemoteSecuritySettings: 
  failed to download CRLite filter
Object
  - prototype Object
    - columnNumber = 0
    - data = null
    - filename = resource://gre/modules/ServiceRequest.sys.mjs
    - lineNumber = 126
    - location = {"name":"open","filename":"resource://gre/modules/ServiceRequest.sys.mjs","sourceId":25,"lineNumber":126,"columnNumber":11,"asyncCause":null,"asyncCaller":null,"caller":{"filename":"resource://services-settings/Utils.sys.mjs","name":"fetch/<","sourceId":24,"lineNumber":272,"columnNumber":15,"asyncCause":null,"asyncCaller":null,"caller":{"filename":"resource://services-settings/Utils.sys.mjs","name":"fetch","sourceId":24,"lineNumber":223,"columnNumber":12,"asyncCause":null,"asyncCaller":null,"caller":{"filename":"resource://services-settings/Attachments.sys.mjs","name":"_fetchAttachment","sourceId":23,"lineNumber":560,"columnNumber":35,"asyncCause":null,"asyncCaller":null,"caller":{"filename":"resource://services-settings/Attachments.sys.mjs","name":"downloadAsBytes","sourceId":23,"lineNumber":537,"columnNumber":35,"asyncCause":null,"asyncCaller":null,"caller":null,"formattedStack":"downloadAsBytes@resource://services-settings/Attachments.sys.mjs:537:35\n","nativeSavedFrame":{}},"formattedStack":"_fetchAttachment@resource://services-settings/Attachments.sys.mjs:560:35\ndownloadAsBytes@resource://services-settings/Attachments.sys.mjs:537:35\n","nativeSavedFrame":{}},"formattedStack":"fetch@resource://services-settings/Utils.sys.mjs:223:12\n_fetchAttachment@resource://services-settings/Attachments.sys.mjs:560:35\ndownloadAsBytes@resource://services-settings/Attachments.sys.mjs:537:35\n","nativeSavedFrame":{}},"formattedStack":"fetch/<@resource://services-settings/Utils.sys.mjs:272:15\nfetch@resource://services-settings/Utils.sys.mjs:223:12\n_fetchAttachment@resource://services-settings/Attachments.sys.mjs:560:35\ndownloadAsBytes@resource://services-settings/Attachments.sys.mjs:537:35\n","nativeSavedFrame":{}},"formattedStack":"open@resource://gre/modules/ServiceRequest.sys.mjs:126:11\nfetch/<@resource://services-settings/Utils.sys.mjs:272:15\nfetch@resource://services-settings/Utils.sys.mjs:223:12\n_fetchAttachment@resource://services-settings/Attachments.sys.mjs:560:35\ndownloadAsBytes@resource://services-settings/Attachments.sys.mjs:537:35\n","nativeSavedFrame":{}}
    - message = 
    - name = 
    - result = 2152071198
    - stack = open@resource://gre/modules/ServiceRequest.sys.mjs:126:11|fetch/<@resource://services-settings/Utils.sys.mjs:272:15|fetch@resource://services-settings/Utils.sys.mjs:223:12|_fetchAttachment@resource://services-settings/Attachments.sys.mjs:560:35|downloadAsBytes@resource://services-settings/Attachments.sys.mjs:537:35|
  - prototype Object
console.error: RemoteSecuritySettings: 
  failed to download CRLite filter
Object
  - prototype Object
    - columnNumber = 0
    - data = null
    - filename = resource://gre/modules/ServiceRequest.sys.mjs
    - lineNumber = 126
    - location = {"name":"open","filename":"resource://gre/modules/ServiceRequest.sys.mjs","sourceId":25,"lineNumber":126,"columnNumber":11,"asyncCause":null,"asyncCaller":null,"caller":{"filename":"resource://services-settings/Utils.sys.mjs","name":"fetch/<","sourceId":24,"lineNumber":272,"columnNumber":15,"asyncCause":null,"asyncCaller":null,"caller":{"filename":"resource://services-settings/Utils.sys.mjs","name":"fetch","sourceId":24,"lineNumber":223,"columnNumber":12,"asyncCause":null,"asyncCaller":null,"caller":{"filename":"resource://services-settings/Attachments.sys.mjs","name":"_fetchAttachment","sourceId":23,"lineNumber":560,"columnNumber":35,"asyncCause":null,"asyncCaller":null,"caller":{"filename":"resource://services-settings/Attachments.sys.mjs","name":"downloadAsBytes","sourceId":23,"lineNumber":537,"columnNumber":35,"asyncCause":null,"asyncCaller":null,"caller":null,"formattedStack":"downloadAsBytes@resource://services-settings/Attachments.sys.mjs:537:35\n","nativeSavedFrame":{}},"formattedStack":"_fetchAttachment@resource://services-settings/Attachments.sys.mjs:560:35\ndownloadAsBytes@resource://services-settings/Attachments.sys.mjs:537:35\n","nativeSavedFrame":{}},"formattedStack":"fetch@resource://services-settings/Utils.sys.mjs:223:12\n_fetchAttachment@resource://services-settings/Attachments.sys.mjs:560:35\ndownloadAsBytes@resource://services-settings/Attachments.sys.mjs:537:35\n","nativeSavedFrame":{}},"formattedStack":"fetch/<@resource://services-settings/Utils.sys.mjs:272:15\nfetch@resource://services-settings/Utils.sys.mjs:223:12\n_fetchAttachment@resource://services-settings/Attachments.sys.mjs:560:35\ndownloadAsBytes@resource://services-settings/Attachments.sys.mjs:537:35\n","nativeSavedFrame":{}},"formattedStack":"open@resource://gre/modules/ServiceRequest.sys.mjs:126:11\nfetch/<@resource://services-settings/Utils.sys.mjs:272:15\nfetch@resource://services-settings/Utils.sys.mjs:223:12\n_fetchAttachment@resource://services-settings/Attachments.sys.mjs:560:35\ndownloadAsBytes@resource://services-settings/Attachments.sys.mjs:537:35\n","nativeSavedFrame":{}}
    - message = 
    - name = 
    - result = 2152071198
    - stack = open@resource://gre/modules/ServiceRequest.sys.mjs:126:11|fetch/<@resource://services-settings/Utils.sys.mjs:272:15|fetch@resource://services-settings/Utils.sys.mjs:223:12|_fetchAttachment@resource://services-settings/Attachments.sys.mjs:560:35|downloadAsBytes@resource://services-settings/Attachments.sys.mjs:537:35|
  - prototype Object
console.error: RemoteSecuritySettings: 
  failed to download CRLite filter
Object
  - prototype Object
    - columnNumber = 0
    - data = null
    - filename = resource://gre/modules/ServiceRequest.sys.mjs
    - lineNumber = 126
    - location = {"name":"open","filename":"resource://gre/modules/ServiceRequest.sys.mjs","sourceId":25,"lineNumber":126,"columnNumber":11,"asyncCause":null,"asyncCaller":null,"caller":{"filename":"resource://services-settings/Utils.sys.mjs","name":"fetch/<","sourceId":24,"lineNumber":272,"columnNumber":15,"asyncCause":null,"asyncCaller":null,"caller":{"filename":"resource://services-settings/Utils.sys.mjs","name":"fetch","sourceId":24,"lineNumber":223,"columnNumber":12,"asyncCause":null,"asyncCaller":null,"caller":{"filename":"resource://services-settings/Attachments.sys.mjs","name":"_fetchAttachment","sourceId":23,"lineNumber":560,"columnNumber":35,"asyncCause":null,"asyncCaller":null,"caller":{"filename":"resource://services-settings/Attachments.sys.mjs","name":"downloadAsBytes","sourceId":23,"lineNumber":537,"columnNumber":35,"asyncCause":null,"asyncCaller":null,"caller":null,"formattedStack":"downloadAsBytes@resource://services-settings/Attachments.sys.mjs:537:35\n","nativeSavedFrame":{}},"formattedStack":"_fetchAttachment@resource://services-settings/Attachments.sys.mjs:560:35\ndownloadAsBytes@resource://services-settings/Attachments.sys.mjs:537:35\n","nativeSavedFrame":{}},"formattedStack":"fetch@resource://services-settings/Utils.sys.mjs:223:12\n_fetchAttachment@resource://services-settings/Attachments.sys.mjs:560:35\ndownloadAsBytes@resource://services-settings/Attachments.sys.mjs:537:35\n","nativeSavedFrame":{}},"formattedStack":"fetch/<@resource://services-settings/Utils.sys.mjs:272:15\nfetch@resource://services-settings/Utils.sys.mjs:223:12\n_fetchAttachment@resource://services-settings/Attachments.sys.mjs:560:35\ndownloadAsBytes@resource://services-settings/Attachments.sys.mjs:537:35\n","nativeSavedFrame":{}},"formattedStack":"open@resource://gre/modules/ServiceRequest.sys.mjs:126:11\nfetch/<@resource://services-settings/Utils.sys.mjs:272:15\nfetch@resource://services-settings/Utils.sys.mjs:223:12\n_fetchAttachment@resource://services-settings/Attachments.sys.mjs:560:35\ndownloadAsBytes@resource://services-settings/Attachments.sys.mjs:537:35\n","nativeSavedFrame":{}}
    - message = 
    - name = 
    - result = 2152071198
    - stack = open@resource://gre/modules/ServiceRequest.sys.mjs:126:11|fetch/<@resource://services-settings/Utils.sys.mjs:272:15|fetch@resource://services-settings/Utils.sys.mjs:223:12|_fetchAttachment@resource://services-settings/Attachments.sys.mjs:560:35|downloadAsBytes@resource://services-settings/Attachments.sys.mjs:537:35|
  - prototype Object
console.error: RemoteSecuritySettings: 
  failed to download CRLite filter
Object
  - prototype Object
    - columnNumber = 0
    - data = null
    - filename = resource://gre/modules/ServiceRequest.sys.mjs
    - lineNumber = 126
    - location = {"name":"open","filename":"resource://gre/modules/ServiceRequest.sys.mjs","sourceId":25,"lineNumber":126,"columnNumber":11,"asyncCause":null,"asyncCaller":null,"caller":{"filename":"resource://services-settings/Utils.sys.mjs","name":"fetch/<","sourceId":24,"lineNumber":272,"columnNumber":15,"asyncCause":null,"asyncCaller":null,"caller":{"filename":"resource://services-settings/Utils.sys.mjs","name":"fetch","sourceId":24,"lineNumber":223,"columnNumber":12,"asyncCause":null,"asyncCaller":null,"caller":{"filename":"resource://services-settings/Attachments.sys.mjs","name":"_fetchAttachment","sourceId":23,"lineNumber":560,"columnNumber":35,"asyncCause":null,"asyncCaller":null,"caller":{"filename":"resource://services-settings/Attachments.sys.mjs","name":"downloadAsBytes","sourceId":23,"lineNumber":537,"columnNumber":35,"asyncCause":null,"asyncCaller":null,"caller":null,"formattedStack":"downloadAsBytes@resource://services-settings/Attachments.sys.mjs:537:35\n","nativeSavedFrame":{}},"formattedStack":"_fetchAttachment@resource://services-settings/Attachments.sys.mjs:560:35\ndownloadAsBytes@resource://services-settings/Attachments.sys.mjs:537:35\n","nativeSavedFrame":{}},"formattedStack":"fetch@resource://services-settings/Utils.sys.mjs:223:12\n_fetchAttachment@resource://services-settings/Attachments.sys.mjs:560:35\ndownloadAsBytes@resource://services-settings/Attachments.sys.mjs:537:35\n","nativeSavedFrame":{}},"formattedStack":"fetch/<@resource://services-settings/Utils.sys.mjs:272:15\nfetch@resource://services-settings/Utils.sys.mjs:223:12\n_fetchAttachment@resource://services-settings/Attachments.sys.mjs:560:35\ndownloadAsBytes@resource://services-settings/Attachments.sys.mjs:537:35\n","nativeSavedFrame":{}},"formattedStack":"open@resource://gre/modules/ServiceRequest.sys.mjs:126:11\nfetch/<@resource://services-settings/Utils.sys.mjs:272:15\nfetch@resource://services-settings/Utils.sys.mjs:223:12\n_fetchAttachment@resource://services-settings/Attachments.sys.mjs:560:35\ndownloadAsBytes@resource://services-settings/Attachments.sys.mjs:537:35\n","nativeSavedFrame":{}}
    - message = 
    - name = 
    - result = 2152071198
    - stack = open@resource://gre/modules/ServiceRequest.sys.mjs:126:11|fetch/<@resource://services-settings/Utils.sys.mjs:272:15|fetch@resource://services-settings/Utils.sys.mjs:223:12|_fetchAttachment@resource://services-settings/Attachments.sys.mjs:560:35|downloadAsBytes@resource://services-settings/Attachments.sys.mjs:537:35|
  - prototype Object
console.error: RemoteSecuritySettings: 
  failed to download CRLite filter
Object
  - prototype Object
    - columnNumber = 0
    - data = null
    - filename = resource://gre/modules/ServiceRequest.sys.mjs
    - lineNumber = 126
    - location = {"name":"open","filename":"resource://gre/modules/ServiceRequest.sys.mjs","sourceId":25,"lineNumber":126,"columnNumber":11,"asyncCause":null,"asyncCaller":null,"caller":{"filename":"resource://services-settings/Utils.sys.mjs","name":"fetch/<","sourceId":24,"lineNumber":272,"columnNumber":15,"asyncCause":null,"asyncCaller":null,"caller":{"filename":"resource://services-settings/Utils.sys.mjs","name":"fetch","sourceId":24,"lineNumber":223,"columnNumber":12,"asyncCause":null,"asyncCaller":null,"caller":{"filename":"resource://services-settings/Attachments.sys.mjs","name":"_fetchAttachment","sourceId":23,"lineNumber":560,"columnNumber":35,"asyncCause":null,"asyncCaller":null,"caller":{"filename":"resource://services-settings/Attachments.sys.mjs","name":"downloadAsBytes","sourceId":23,"lineNumber":537,"columnNumber":35,"asyncCause":null,"asyncCaller":null,"caller":null,"formattedStack":"downloadAsBytes@resource://services-settings/Attachments.sys.mjs:537:35\n","nativeSavedFrame":{}},"formattedStack":"_fetchAttachment@resource://services-settings/Attachments.sys.mjs:560:35\ndownloadAsBytes@resource://services-settings/Attachments.sys.mjs:537:35\n","nativeSavedFrame":{}},"formattedStack":"fetch@resource://services-settings/Utils.sys.mjs:223:12\n_fetchAttachment@resource://services-settings/Attachments.sys.mjs:560:35\ndownloadAsBytes@resource://services-settings/Attachments.sys.mjs:537:35\n","nativeSavedFrame":{}},"formattedStack":"fetch/<@resource://services-settings/Utils.sys.mjs:272:15\nfetch@resource://services-settings/Utils.sys.mjs:223:12\n_fetchAttachment@resource://services-settings/Attachments.sys.mjs:560:35\ndownloadAsBytes@resource://services-settings/Attachments.sys.mjs:537:35\n","nativeSavedFrame":{}},"formattedStack":"open@resource://gre/modules/ServiceRequest.sys.mjs:126:11\nfetch/<@resource://services-settings/Utils.sys.mjs:272:15\nfetch@resource://services-settings/Utils.sys.mjs:223:12\n_fetchAttachment@resource://services-settings/Attachments.sys.mjs:560:35\ndownloadAsBytes@resource://services-settings/Attachments.sys.mjs:537:35\n","nativeSavedFrame":{}}
    - message = 
    - name = 
    - result = 2152071198
    - stack = open@resource://gre/modules/ServiceRequest.sys.mjs:126:11|fetch/<@resource://services-settings/Utils.sys.mjs:272:15|fetch@resource://services-settings/Utils.sys.mjs:223:12|_fetchAttachment@resource://services-settings/Attachments.sys.mjs:560:35|downloadAsBytes@resource://services-settings/Attachments.sys.mjs:537:35|
  - prototype Object
console.error: RemoteSecuritySettings: 
  failed to download CRLite filter
Object
  - prototype Object
    - columnNumber = 0
    - data = null
    - filename = resource://gre/modules/ServiceRequest.sys.mjs
    - lineNumber = 126
    - location = {"name":"open","filename":"resource://gre/modules/ServiceRequest.sys.mjs","sourceId":25,"lineNumber":126,"columnNumber":11,"asyncCause":null,"asyncCaller":null,"caller":{"filename":"resource://services-settings/Utils.sys.mjs","name":"fetch/<","sourceId":24,"lineNumber":272,"columnNumber":15,"asyncCause":null,"asyncCaller":null,"caller":{"filename":"resource://services-settings/Utils.sys.mjs","name":"fetch","sourceId":24,"lineNumber":223,"columnNumber":12,"asyncCause":null,"asyncCaller":null,"caller":{"filename":"resource://services-settings/Attachments.sys.mjs","name":"_fetchAttachment","sourceId":23,"lineNumber":560,"columnNumber":35,"asyncCause":null,"asyncCaller":null,"caller":{"filename":"resource://services-settings/Attachments.sys.mjs","name":"downloadAsBytes","sourceId":23,"lineNumber":537,"columnNumber":35,"asyncCause":null,"asyncCaller":null,"caller":null,"formattedStack":"downloadAsBytes@resource://services-settings/Attachments.sys.mjs:537:35\n","nativeSavedFrame":{}},"formattedStack":"_fetchAttachment@resource://services-settings/Attachments.sys.mjs:560:35\ndownloadAsBytes@resource://services-settings/Attachments.sys.mjs:537:35\n","nativeSavedFrame":{}},"formattedStack":"fetch@resource://services-settings/Utils.sys.mjs:223:12\n_fetchAttachment@resource://services-settings/Attachments.sys.mjs:560:35\ndownloadAsBytes@resource://services-settings/Attachments.sys.mjs:537:35\n","nativeSavedFrame":{}},"formattedStack":"fetch/<@resource://services-settings/Utils.sys.mjs:272:15\nfetch@resource://services-settings/Utils.sys.mjs:223:12\n_fetchAttachment@resource://services-settings/Attachments.sys.mjs:560:35\ndownloadAsBytes@resource://services-settings/Attachments.sys.mjs:537:35\n","nativeSavedFrame":{}},"formattedStack":"open@resource://gre/modules/ServiceRequest.sys.mjs:126:11\nfetch/<@resource://services-settings/Utils.sys.mjs:272:15\nfetch@resource://services-settings/Utils.sys.mjs:223:12\n_fetchAttachment@resource://services-settings/Attachments.sys.mjs:560:35\ndownloadAsBytes@resource://services-settings/Attachments.sys.mjs:537:35\n","nativeSavedFrame":{}}
    - message = 
    - name = 
    - result = 2152071198
    - stack = open@resource://gre/modules/ServiceRequest.sys.mjs:126:11|fetch/<@resource://services-settings/Utils.sys.mjs:272:15|fetch@resource://services-settings/Utils.sys.mjs:223:12|_fetchAttachment@resource://services-settings/Attachments.sys.mjs:560:35|downloadAsBytes@resource://services-settings/Attachments.sys.mjs:537:35|
  - prototype Object
console.error: RemoteSecuritySettings: 
  failed to download CRLite filter
Object
  - prototype Object
    - columnNumber = 0
    - data = null
    - filename = resource://gre/modules/ServiceRequest.sys.mjs
    - lineNumber = 126
    - location = {"name":"open","filename":"resource://gre/modules/ServiceRequest.sys.mjs","sourceId":25,"lineNumber":126,"columnNumber":11,"asyncCause":null,"asyncCaller":null,"caller":{"filename":"resource://services-settings/Utils.sys.mjs","name":"fetch/<","sourceId":24,"lineNumber":272,"columnNumber":15,"asyncCause":null,"asyncCaller":null,"caller":{"filename":"resource://services-settings/Utils.sys.mjs","name":"fetch","sourceId":24,"lineNumber":223,"columnNumber":12,"asyncCause":null,"asyncCaller":null,"caller":{"filename":"resource://services-settings/Attachments.sys.mjs","name":"_fetchAttachment","sourceId":23,"lineNumber":560,"columnNumber":35,"asyncCause":null,"asyncCaller":null,"caller":{"filename":"resource://services-settings/Attachments.sys.mjs","name":"downloadAsBytes","sourceId":23,"lineNumber":537,"columnNumber":35,"asyncCause":null,"asyncCaller":null,"caller":null,"formattedStack":"downloadAsBytes@resource://services-settings/Attachments.sys.mjs:537:35\n","nativeSavedFrame":{}},"formattedStack":"_fetchAttachment@resource://services-settings/Attachments.sys.mjs:560:35\ndownloadAsBytes@resource://services-settings/Attachments.sys.mjs:537:35\n","nativeSavedFrame":{}},"formattedStack":"fetch@resource://services-settings/Utils.sys.mjs:223:12\n_fetchAttachment@resource://services-settings/Attachments.sys.mjs:560:35\ndownloadAsBytes@resource://services-settings/Attachments.sys.mjs:537:35\n","nativeSavedFrame":{}},"formattedStack":"fetch/<@resource://services-settings/Utils.sys.mjs:272:15\nfetch@resource://services-settings/Utils.sys.mjs:223:12\n_fetchAttachment@resource://services-settings/Attachments.sys.mjs:560:35\ndownloadAsBytes@resource://services-settings/Attachments.sys.mjs:537:35\n","nativeSavedFrame":{}},"formattedStack":"open@resource://gre/modules/ServiceRequest.sys.mjs:126:11\nfetch/<@resource://services-settings/Utils.sys.mjs:272:15\nfetch@resource://services-settings/Utils.sys.mjs:223:12\n_fetchAttachment@resource://services-settings/Attachments.sys.mjs:560:35\ndownloadAsBytes@resource://services-settings/Attachments.sys.mjs:537:35\n","nativeSavedFrame":{}}
    - message = 
    - name = 
    - result = 2152071198
    - stack = open@resource://gre/modules/ServiceRequest.sys.mjs:126:11|fetch/<@resource://services-settings/Utils.sys.mjs:272:15|fetch@resource://services-settings/Utils.sys.mjs:223:12|_fetchAttachment@resource://services-settings/Attachments.sys.mjs:560:35|downloadAsBytes@resource://services-settings/Attachments.sys.mjs:537:35|
  - prototype Object
console.error: RemoteSecuritySettings: 
  failed to download CRLite filter
Object
  - prototype Object
    - columnNumber = 0
    - data = null
    - filename = resource://gre/modules/ServiceRequest.sys.mjs
    - lineNumber = 126
    - location = {"name":"open","filename":"resource://gre/modules/ServiceRequest.sys.mjs","sourceId":25,"lineNumber":126,"columnNumber":11,"asyncCause":null,"asyncCaller":null,"caller":{"filename":"resource://services-settings/Utils.sys.mjs","name":"fetch/<","sourceId":24,"lineNumber":272,"columnNumber":15,"asyncCause":null,"asyncCaller":null,"caller":{"filename":"resource://services-settings/Utils.sys.mjs","name":"fetch","sourceId":24,"lineNumber":223,"columnNumber":12,"asyncCause":null,"asyncCaller":null,"caller":{"filename":"resource://services-settings/Attachments.sys.mjs","name":"_fetchAttachment","sourceId":23,"lineNumber":560,"columnNumber":35,"asyncCause":null,"asyncCaller":null,"caller":{"filename":"resource://services-settings/Attachments.sys.mjs","name":"downloadAsBytes","sourceId":23,"lineNumber":537,"columnNumber":35,"asyncCause":null,"asyncCaller":null,"caller":null,"formattedStack":"downloadAsBytes@resource://services-settings/Attachments.sys.mjs:537:35\n","nativeSavedFrame":{}},"formattedStack":"_fetchAttachment@resource://services-settings/Attachments.sys.mjs:560:35\ndownloadAsBytes@resource://services-settings/Attachments.sys.mjs:537:35\n","nativeSavedFrame":{}},"formattedStack":"fetch@resource://services-settings/Utils.sys.mjs:223:12\n_fetchAttachment@resource://services-settings/Attachments.sys.mjs:560:35\ndownloadAsBytes@resource://services-settings/Attachments.sys.mjs:537:35\n","nativeSavedFrame":{}},"formattedStack":"fetch/<@resource://services-settings/Utils.sys.mjs:272:15\nfetch@resource://services-settings/Utils.sys.mjs:223:12\n_fetchAttachment@resource://services-settings/Attachments.sys.mjs:560:35\ndownloadAsBytes@resource://services-settings/Attachments.sys.mjs:537:35\n","nativeSavedFrame":{}},"formattedStack":"open@resource://gre/modules/ServiceRequest.sys.mjs:126:11\nfetch/<@resource://services-settings/Utils.sys.mjs:272:15\nfetch@resource://services-settings/Utils.sys.mjs:223:12\n_fetchAttachment@resource://services-settings/Attachments.sys.mjs:560:35\ndownloadAsBytes@resource://services-settings/Attachments.sys.mjs:537:35\n","nativeSavedFrame":{}}
    - message = 
    - name = 
    - result = 2152071198
    - stack = open@resource://gre/modules/ServiceRequest.sys.mjs:126:11|fetch/<@resource://services-settings/Utils.sys.mjs:272:15|fetch@resource://services-settings/Utils.sys.mjs:223:12|_fetchAttachment@resource://services-settings/Attachments.sys.mjs:560:35|downloadAsBytes@resource://services-settings/Attachments.sys.mjs:537:35|
  - prototype Object
console.error: RemoteSecuritySettings: 
  failed to download CRLite filter
Object
  - prototype Object
    - columnNumber = 0
    - data = null
    - filename = resource://gre/modules/ServiceRequest.sys.mjs
    - lineNumber = 126
    - location = {"name":"open","filename":"resource://gre/modules/ServiceRequest.sys.mjs","sourceId":25,"lineNumber":126,"columnNumber":11,"asyncCause":null,"asyncCaller":null,"caller":{"filename":"resource://services-settings/Utils.sys.mjs","name":"fetch/<","sourceId":24,"lineNumber":272,"columnNumber":15,"asyncCause":null,"asyncCaller":null,"caller":{"filename":"resource://services-settings/Utils.sys.mjs","name":"fetch","sourceId":24,"lineNumber":223,"columnNumber":12,"asyncCause":null,"asyncCaller":null,"caller":{"filename":"resource://services-settings/Attachments.sys.mjs","name":"_fetchAttachment","sourceId":23,"lineNumber":560,"columnNumber":35,"asyncCause":null,"asyncCaller":null,"caller":{"filename":"resource://services-settings/Attachments.sys.mjs","name":"downloadAsBytes","sourceId":23,"lineNumber":537,"columnNumber":35,"asyncCause":null,"asyncCaller":null,"caller":null,"formattedStack":"downloadAsBytes@resource://services-settings/Attachments.sys.mjs:537:35\n","nativeSavedFrame":{}},"formattedStack":"_fetchAttachment@resource://services-settings/Attachments.sys.mjs:560:35\ndownloadAsBytes@resource://services-settings/Attachments.sys.mjs:537:35\n","nativeSavedFrame":{}},"formattedStack":"fetch@resource://services-settings/Utils.sys.mjs:223:12\n_fetchAttachment@resource://services-settings/Attachments.sys.mjs:560:35\ndownloadAsBytes@resource://services-settings/Attachments.sys.mjs:537:35\n","nativeSavedFrame":{}},"formattedStack":"fetch/<@resource://services-settings/Utils.sys.mjs:272:15\nfetch@resource://services-settings/Utils.sys.mjs:223:12\n_fetchAttachment@resource://services-settings/Attachments.sys.mjs:560:35\ndownloadAsBytes@resource://services-settings/Attachments.sys.mjs:537:35\n","nativeSavedFrame":{}},"formattedStack":"open@resource://gre/modules/ServiceRequest.sys.mjs:126:11\nfetch/<@resource://services-settings/Utils.sys.mjs:272:15\nfetch@resource://services-settings/Utils.sys.mjs:223:12\n_fetchAttachment@resource://services-settings/Attachments.sys.mjs:560:35\ndownloadAsBytes@resource://services-settings/Attachments.sys.mjs:537:35\n","nativeSavedFrame":{}}
    - message = 
    - name = 
    - result = 2152071198
    - stack = open@resource://gre/modules/ServiceRequest.sys.mjs:126:11|fetch/<@resource://services-settings/Utils.sys.mjs:272:15|fetch@resource://services-settings/Utils.sys.mjs:223:12|_fetchAttachment@resource://services-settings/Attachments.sys.mjs:560:35|downloadAsBytes@resource://services-settings/Attachments.sys.mjs:537:35|
  - prototype Object
console.error: RemoteSecuritySettings: 
  failed to download CRLite filter
Object
  - prototype Object
    - columnNumber = 0
    - data = null
    - filename = resource://gre/modules/ServiceRequest.sys.mjs
    - lineNumber = 126
    - location = {"name":"open","filename":"resource://gre/modules/ServiceRequest.sys.mjs","sourceId":25,"lineNumber":126,"columnNumber":11,"asyncCause":null,"asyncCaller":null,"caller":{"filename":"resource://services-settings/Utils.sys.mjs","name":"fetch/<","sourceId":24,"lineNumber":272,"columnNumber":15,"asyncCause":null,"asyncCaller":null,"caller":{"filename":"resource://services-settings/Utils.sys.mjs","name":"fetch","sourceId":24,"lineNumber":223,"columnNumber":12,"asyncCause":null,"asyncCaller":null,"caller":{"filename":"resource://services-settings/Attachments.sys.mjs","name":"_fetchAttachment","sourceId":23,"lineNumber":560,"columnNumber":35,"asyncCause":null,"asyncCaller":null,"caller":{"filename":"resource://services-settings/Attachments.sys.mjs","name":"downloadAsBytes","sourceId":23,"lineNumber":537,"columnNumber":35,"asyncCause":null,"asyncCaller":null,"caller":null,"formattedStack":"downloadAsBytes@resource://services-settings/Attachments.sys.mjs:537:35\n","nativeSavedFrame":{}},"formattedStack":"_fetchAttachment@resource://services-settings/Attachments.sys.mjs:560:35\ndownloadAsBytes@resource://services-settings/Attachments.sys.mjs:537:35\n","nativeSavedFrame":{}},"formattedStack":"fetch@resource://services-settings/Utils.sys.mjs:223:12\n_fetchAttachment@resource://services-settings/Attachments.sys.mjs:560:35\ndownloadAsBytes@resource://services-settings/Attachments.sys.mjs:537:35\n","nativeSavedFrame":{}},"formattedStack":"fetch/<@resource://services-settings/Utils.sys.mjs:272:15\nfetch@resource://services-settings/Utils.sys.mjs:223:12\n_fetchAttachment@resource://services-settings/Attachments.sys.mjs:560:35\ndownloadAsBytes@resource://services-settings/Attachments.sys.mjs:537:35\n","nativeSavedFrame":{}},"formattedStack":"open@resource://gre/modules/ServiceRequest.sys.mjs:126:11\nfetch/<@resource://services-settings/Utils.sys.mjs:272:15\nfetch@resource://services-settings/Utils.sys.mjs:223:12\n_fetchAttachment@resource://services-settings/Attachments.sys.mjs:560:35\ndownloadAsBytes@resource://services-settings/Attachments.sys.mjs:537:35\n","nativeSavedFrame":{}}
    - message = 
    - name = 
    - result = 2152071198
    - stack = open@resource://gre/modules/ServiceRequest.sys.mjs:126:11|fetch/<@resource://services-settings/Utils.sys.mjs:272:15|fetch@resource://services-settings/Utils.sys.mjs:223:12|_fetchAttachment@resource://services-settings/Attachments.sys.mjs:560:35|downloadAsBytes@resource://services-settings/Attachments.sys.mjs:537:35|
  - prototype Object
console.error: RemoteSecuritySettings: 
  failed to download CRLite filter
Object
  - prototype Object
    - columnNumber = 0
    - data = null
    - filename = resource://gre/modules/ServiceRequest.sys.mjs
    - lineNumber = 126
    - location = {"name":"open","filename":"resource://gre/modules/ServiceRequest.sys.mjs","sourceId":25,"lineNumber":126,"columnNumber":11,"asyncCause":null,"asyncCaller":null,"caller":{"filename":"resource://services-settings/Utils.sys.mjs","name":"fetch/<","sourceId":24,"lineNumber":272,"columnNumber":15,"asyncCause":null,"asyncCaller":null,"caller":{"filename":"resource://services-settings/Utils.sys.mjs","name":"fetch","sourceId":24,"lineNumber":223,"columnNumber":12,"asyncCause":null,"asyncCaller":null,"caller":{"filename":"resource://services-settings/Attachments.sys.mjs","name":"_fetchAttachment","sourceId":23,"lineNumber":560,"columnNumber":35,"asyncCause":null,"asyncCaller":null,"caller":{"filename":"resource://services-settings/Attachments.sys.mjs","name":"downloadAsBytes","sourceId":23,"lineNumber":537,"columnNumber":35,"asyncCause":null,"asyncCaller":null,"caller":null,"formattedStack":"downloadAsBytes@resource://services-settings/Attachments.sys.mjs:537:35\n","nativeSavedFrame":{}},"formattedStack":"_fetchAttachment@resource://services-settings/Attachments.sys.mjs:560:35\ndownloadAsBytes@resource://services-settings/Attachments.sys.mjs:537:35\n","nativeSavedFrame":{}},"formattedStack":"fetch@resource://services-settings/Utils.sys.mjs:223:12\n_fetchAttachment@resource://services-settings/Attachments.sys.mjs:560:35\ndownloadAsBytes@resource://services-settings/Attachments.sys.mjs:537:35\n","nativeSavedFrame":{}},"formattedStack":"fetch/<@resource://services-settings/Utils.sys.mjs:272:15\nfetch@resource://services-settings/Utils.sys.mjs:223:12\n_fetchAttachment@resource://services-settings/Attachments.sys.mjs:560:35\ndownloadAsBytes@resource://services-settings/Attachments.sys.mjs:537:35\n","nativeSavedFrame":{}},"formattedStack":"open@resource://gre/modules/ServiceRequest.sys.mjs:126:11\nfetch/<@resource://services-settings/Utils.sys.mjs:272:15\nfetch@resource://services-settings/Utils.sys.mjs:223:12\n_fetchAttachment@resource://services-settings/Attachments.sys.mjs:560:35\ndownloadAsBytes@resource://services-settings/Attachments.sys.mjs:537:35\n","nativeSavedFrame":{}}
    - message = 
    - name = 
    - result = 2152071198
    - stack = open@resource://gre/modules/ServiceRequest.sys.mjs:126:11|fetch/<@resource://services-settings/Utils.sys.mjs:272:15|fetch@resource://services-settings/Utils.sys.mjs:223:12|_fetchAttachment@resource://services-settings/Attachments.sys.mjs:560:35|downloadAsBytes@resource://services-settings/Attachments.sys.mjs:537:35|
  - prototype Object
console.error: RemoteSecuritySettings: 
  failed to download CRLite filter
Object
  - prototype Object
    - columnNumber = 0
    - data = null
    - filename = resource://gre/modules/ServiceRequest.sys.mjs
    - lineNumber = 126
    - location = {"name":"open","filename":"resource://gre/modules/ServiceRequest.sys.mjs","sourceId":25,"lineNumber":126,"columnNumber":11,"asyncCause":null,"asyncCaller":null,"caller":{"filename":"resource://services-settings/Utils.sys.mjs","name":"fetch/<","sourceId":24,"lineNumber":272,"columnNumber":15,"asyncCause":null,"asyncCaller":null,"caller":{"filename":"resource://services-settings/Utils.sys.mjs","name":"fetch","sourceId":24,"lineNumber":223,"columnNumber":12,"asyncCause":null,"asyncCaller":null,"caller":{"filename":"resource://services-settings/Attachments.sys.mjs","name":"_fetchAttachment","sourceId":23,"lineNumber":560,"columnNumber":35,"asyncCause":null,"asyncCaller":null,"caller":{"filename":"resource://services-settings/Attachments.sys.mjs","name":"downloadAsBytes","sourceId":23,"lineNumber":537,"columnNumber":35,"asyncCause":null,"asyncCaller":null,"caller":null,"formattedStack":"downloadAsBytes@resource://services-settings/Attachments.sys.mjs:537:35\n","nativeSavedFrame":{}},"formattedStack":"_fetchAttachment@resource://services-settings/Attachments.sys.mjs:560:35\ndownloadAsBytes@resource://services-settings/Attachments.sys.mjs:537:35\n","nativeSavedFrame":{}},"formattedStack":"fetch@resource://services-settings/Utils.sys.mjs:223:12\n_fetchAttachment@resource://services-settings/Attachments.sys.mjs:560:35\ndownloadAsBytes@resource://services-settings/Attachments.sys.mjs:537:35\n","nativeSavedFrame":{}},"formattedStack":"fetch/<@resource://services-settings/Utils.sys.mjs:272:15\nfetch@resource://services-settings/Utils.sys.mjs:223:12\n_fetchAttachment@resource://services-settings/Attachments.sys.mjs:560:35\ndownloadAsBytes@resource://services-settings/Attachments.sys.mjs:537:35\n","nativeSavedFrame":{}},"formattedStack":"open@resource://gre/modules/ServiceRequest.sys.mjs:126:11\nfetch/<@resource://services-settings/Utils.sys.mjs:272:15\nfetch@resource://services-settings/Utils.sys.mjs:223:12\n_fetchAttachment@resource://services-settings/Attachments.sys.mjs:560:35\ndownloadAsBytes@resource://services-settings/Attachments.sys.mjs:537:35\n","nativeSavedFrame":{}}
    - message = 
    - name = 
    - result = 2152071198
    - stack = open@resource://gre/modules/ServiceRequest.sys.mjs:126:11|fetch/<@resource://services-settings/Utils.sys.mjs:272:15|fetch@resource://services-settings/Utils.sys.mjs:223:12|_fetchAttachment@resource://services-settings/Attachments.sys.mjs:560:35|downloadAsBytes@resource://services-settings/Attachments.sys.mjs:537:35|
  - prototype Object
console.error: RemoteSecuritySettings: 
  failed to download CRLite filter
Object
  - prototype Object
    - columnNumber = 0
    - data = null
    - filename = resource://gre/modules/ServiceRequest.sys.mjs
    - lineNumber = 126
    - location = {"name":"open","filename":"resource://gre/modules/ServiceRequest.sys.mjs","sourceId":25,"lineNumber":126,"columnNumber":11,"asyncCause":null,"asyncCaller":null,"caller":{"filename":"resource://services-settings/Utils.sys.mjs","name":"fetch/<","sourceId":24,"lineNumber":272,"columnNumber":15,"asyncCause":null,"asyncCaller":null,"caller":{"filename":"resource://services-settings/Utils.sys.mjs","name":"fetch","sourceId":24,"lineNumber":223,"columnNumber":12,"asyncCause":null,"asyncCaller":null,"caller":{"filename":"resource://services-settings/Attachments.sys.mjs","name":"_fetchAttachment","sourceId":23,"lineNumber":560,"columnNumber":35,"asyncCause":null,"asyncCaller":null,"caller":{"filename":"resource://services-settings/Attachments.sys.mjs","name":"downloadAsBytes","sourceId":23,"lineNumber":537,"columnNumber":35,"asyncCause":null,"asyncCaller":null,"caller":null,"formattedStack":"downloadAsBytes@resource://services-settings/Attachments.sys.mjs:537:35\n","nativeSavedFrame":{}},"formattedStack":"_fetchAttachment@resource://services-settings/Attachments.sys.mjs:560:35\ndownloadAsBytes@resource://services-settings/Attachments.sys.mjs:537:35\n","nativeSavedFrame":{}},"formattedStack":"fetch@resource://services-settings/Utils.sys.mjs:223:12\n_fetchAttachment@resource://services-settings/Attachments.sys.mjs:560:35\ndownloadAsBytes@resource://services-settings/Attachments.sys.mjs:537:35\n","nativeSavedFrame":{}},"formattedStack":"fetch/<@resource://services-settings/Utils.sys.mjs:272:15\nfetch@resource://services-settings/Utils.sys.mjs:223:12\n_fetchAttachment@resource://services-settings/Attachments.sys.mjs:560:35\ndownloadAsBytes@resource://services-settings/Attachments.sys.mjs:537:35\n","nativeSavedFrame":{}},"formattedStack":"open@resource://gre/modules/ServiceRequest.sys.mjs:126:11\nfetch/<@resource://services-settings/Utils.sys.mjs:272:15\nfetch@resource://services-settings/Utils.sys.mjs:223:12\n_fetchAttachment@resource://services-settings/Attachments.sys.mjs:560:35\ndownloadAsBytes@resource://services-settings/Attachments.sys.mjs:537:35\n","nativeSavedFrame":{}}
    - message = 
    - name = 
    - result = 2152071198
    - stack = open@resource://gre/modules/ServiceRequest.sys.mjs:126:11|fetch/<@resource://services-settings/Utils.sys.mjs:272:15|fetch@resource://services-settings/Utils.sys.mjs:223:12|_fetchAttachment@resource://services-settings/Attachments.sys.mjs:560:35|downloadAsBytes@resource://services-settings/Attachments.sys.mjs:537:35|
  - prototype Object
console.error: RemoteSecuritySettings: 
  failed to download CRLite filter
Object
  - prototype Object
    - columnNumber = 0
    - data = null
    - filename = resource://gre/modules/ServiceRequest.sys.mjs
    - lineNumber = 126
    - location = {"name":"open","filename":"resource://gre/modules/ServiceRequest.sys.mjs","sourceId":25,"lineNumber":126,"columnNumber":11,"asyncCause":null,"asyncCaller":null,"caller":{"filename":"resource://services-settings/Utils.sys.mjs","name":"fetch/<","sourceId":24,"lineNumber":272,"columnNumber":15,"asyncCause":null,"asyncCaller":null,"caller":{"filename":"resource://services-settings/Utils.sys.mjs","name":"fetch","sourceId":24,"lineNumber":223,"columnNumber":12,"asyncCause":null,"asyncCaller":null,"caller":{"filename":"resource://services-settings/Attachments.sys.mjs","name":"_fetchAttachment","sourceId":23,"lineNumber":560,"columnNumber":35,"asyncCause":null,"asyncCaller":null,"caller":{"filename":"resource://services-settings/Attachments.sys.mjs","name":"downloadAsBytes","sourceId":23,"lineNumber":537,"columnNumber":35,"asyncCause":null,"asyncCaller":null,"caller":null,"formattedStack":"downloadAsBytes@resource://services-settings/Attachments.sys.mjs:537:35\n","nativeSavedFrame":{}},"formattedStack":"_fetchAttachment@resource://services-settings/Attachments.sys.mjs:560:35\ndownloadAsBytes@resource://services-settings/Attachments.sys.mjs:537:35\n","nativeSavedFrame":{}},"formattedStack":"fetch@resource://services-settings/Utils.sys.mjs:223:12\n_fetchAttachment@resource://services-settings/Attachments.sys.mjs:560:35\ndownloadAsBytes@resource://services-settings/Attachments.sys.mjs:537:35\n","nativeSavedFrame":{}},"formattedStack":"fetch/<@resource://services-settings/Utils.sys.mjs:272:15\nfetch@resource://services-settings/Utils.sys.mjs:223:12\n_fetchAttachment@resource://services-settings/Attachments.sys.mjs:560:35\ndownloadAsBytes@resource://services-settings/Attachments.sys.mjs:537:35\n","nativeSavedFrame":{}},"formattedStack":"open@resource://gre/modules/ServiceRequest.sys.mjs:126:11\nfetch/<@resource://services-settings/Utils.sys.mjs:272:15\nfetch@resource://services-settings/Utils.sys.mjs:223:12\n_fetchAttachment@resource://services-settings/Attachments.sys.mjs:560:35\ndownloadAsBytes@resource://services-settings/Attachments.sys.mjs:537:35\n","nativeSavedFrame":{}}
    - message = 
    - name = 
    - result = 2152071198
    - stack = open@resource://gre/modules/ServiceRequest.sys.mjs:126:11|fetch/<@resource://services-settings/Utils.sys.mjs:272:15|fetch@resource://services-settings/Utils.sys.mjs:223:12|_fetchAttachment@resource://services-settings/Attachments.sys.mjs:560:35|downloadAsBytes@resource://services-settings/Attachments.sys.mjs:537:35|
  - prototype Object
console.error: RemoteSecuritySettings: 
  failed to download CRLite filter
Object
  - prototype Object
    - columnNumber = 0
    - data = null
    - filename = resource://gre/modules/ServiceRequest.sys.mjs
    - lineNumber = 126
    - location = {"name":"open","filename":"resource://gre/modules/ServiceRequest.sys.mjs","sourceId":25,"lineNumber":126,"columnNumber":11,"asyncCause":null,"asyncCaller":null,"caller":{"filename":"resource://services-settings/Utils.sys.mjs","name":"fetch/<","sourceId":24,"lineNumber":272,"columnNumber":15,"asyncCause":null,"asyncCaller":null,"caller":{"filename":"resource://services-settings/Utils.sys.mjs","name":"fetch","sourceId":24,"lineNumber":223,"columnNumber":12,"asyncCause":null,"asyncCaller":null,"caller":{"filename":"resource://services-settings/Attachments.sys.mjs","name":"_fetchAttachment","sourceId":23,"lineNumber":560,"columnNumber":35,"asyncCause":null,"asyncCaller":null,"caller":{"filename":"resource://services-settings/Attachments.sys.mjs","name":"downloadAsBytes","sourceId":23,"lineNumber":537,"columnNumber":35,"asyncCause":null,"asyncCaller":null,"caller":null,"formattedStack":"downloadAsBytes@resource://services-settings/Attachments.sys.mjs:537:35\n","nativeSavedFrame":{}},"formattedStack":"_fetchAttachment@resource://services-settings/Attachments.sys.mjs:560:35\ndownloadAsBytes@resource://services-settings/Attachments.sys.mjs:537:35\n","nativeSavedFrame":{}},"formattedStack":"fetch@resource://services-settings/Utils.sys.mjs:223:12\n_fetchAttachment@resource://services-settings/Attachments.sys.mjs:560:35\ndownloadAsBytes@resource://services-settings/Attachments.sys.mjs:537:35\n","nativeSavedFrame":{}},"formattedStack":"fetch/<@resource://services-settings/Utils.sys.mjs:272:15\nfetch@resource://services-settings/Utils.sys.mjs:223:12\n_fetchAttachment@resource://services-settings/Attachments.sys.mjs:560:35\ndownloadAsBytes@resource://services-settings/Attachments.sys.mjs:537:35\n","nativeSavedFrame":{}},"formattedStack":"open@resource://gre/modules/ServiceRequest.sys.mjs:126:11\nfetch/<@resource://services-settings/Utils.sys.mjs:272:15\nfetch@resource://services-settings/Utils.sys.mjs:223:12\n_fetchAttachment@resource://services-settings/Attachments.sys.mjs:560:35\ndownloadAsBytes@resource://services-settings/Attachments.sys.mjs:537:35\n","nativeSavedFrame":{}}
    - message = 
    - name = 
    - result = 2152071198
    - stack = open@resource://gre/modules/ServiceRequest.sys.mjs:126:11|fetch/<@resource://services-settings/Utils.sys.mjs:272:15|fetch@resource://services-settings/Utils.sys.mjs:223:12|_fetchAttachment@resource://services-settings/Attachments.sys.mjs:560:35|downloadAsBytes@resource://services-settings/Attachments.sys.mjs:537:35|
  - prototype Object
console.error: RemoteSecuritySettings: 
  failed to download CRLite filter
Object
  - prototype Object
    - columnNumber = 0
    - data = null
    - filename = resource://gre/modules/ServiceRequest.sys.mjs
    - lineNumber = 126
    - location = {"name":"open","filename":"resource://gre/modules/ServiceRequest.sys.mjs","sourceId":25,"lineNumber":126,"columnNumber":11,"asyncCause":null,"asyncCaller":null,"caller":{"filename":"resource://services-settings/Utils.sys.mjs","name":"fetch/<","sourceId":24,"lineNumber":272,"columnNumber":15,"asyncCause":null,"asyncCaller":null,"caller":{"filename":"resource://services-settings/Utils.sys.mjs","name":"fetch","sourceId":24,"lineNumber":223,"columnNumber":12,"asyncCause":null,"asyncCaller":null,"caller":{"filename":"resource://services-settings/Attachments.sys.mjs","name":"_fetchAttachment","sourceId":23,"lineNumber":560,"columnNumber":35,"asyncCause":null,"asyncCaller":null,"caller":{"filename":"resource://services-settings/Attachments.sys.mjs","name":"downloadAsBytes","sourceId":23,"lineNumber":537,"columnNumber":35,"asyncCause":null,"asyncCaller":null,"caller":null,"formattedStack":"downloadAsBytes@resource://services-settings/Attachments.sys.mjs:537:35\n","nativeSavedFrame":{}},"formattedStack":"_fetchAttachment@resource://services-settings/Attachments.sys.mjs:560:35\ndownloadAsBytes@resource://services-settings/Attachments.sys.mjs:537:35\n","nativeSavedFrame":{}},"formattedStack":"fetch@resource://services-settings/Utils.sys.mjs:223:12\n_fetchAttachment@resource://services-settings/Attachments.sys.mjs:560:35\ndownloadAsBytes@resource://services-settings/Attachments.sys.mjs:537:35\n","nativeSavedFrame":{}},"formattedStack":"fetch/<@resource://services-settings/Utils.sys.mjs:272:15\nfetch@resource://services-settings/Utils.sys.mjs:223:12\n_fetchAttachment@resource://services-settings/Attachments.sys.mjs:560:35\ndownloadAsBytes@resource://services-settings/Attachments.sys.mjs:537:35\n","nativeSavedFrame":{}},"formattedStack":"open@resource://gre/modules/ServiceRequest.sys.mjs:126:11\nfetch/<@resource://services-settings/Utils.sys.mjs:272:15\nfetch@resource://services-settings/Utils.sys.mjs:223:12\n_fetchAttachment@resource://services-settings/Attachments.sys.mjs:560:35\ndownloadAsBytes@resource://services-settings/Attachments.sys.mjs:537:35\n","nativeSavedFrame":{}}
    - message = 
    - name = 
    - result = 2152071198
    - stack = open@resource://gre/modules/ServiceRequest.sys.mjs:126:11|fetch/<@resource://services-settings/Utils.sys.mjs:272:15|fetch@resource://services-settings/Utils.sys.mjs:223:12|_fetchAttachment@resource://services-settings/Attachments.sys.mjs:560:35|downloadAsBytes@resource://services-settings/Attachments.sys.mjs:537:35|
  - prototype Object
console.error: RemoteSecuritySettings: 
  failed to download CRLite filter
Object
  - prototype Object
    - columnNumber = 0
    - data = null
    - filename = resource://gre/modules/ServiceRequest.sys.mjs
    - lineNumber = 126
    - location = {"name":"open","filename":"resource://gre/modules/ServiceRequest.sys.mjs","sourceId":25,"lineNumber":126,"columnNumber":11,"asyncCause":null,"asyncCaller":null,"caller":{"filename":"resource://services-settings/Utils.sys.mjs","name":"fetch/<","sourceId":24,"lineNumber":272,"columnNumber":15,"asyncCause":null,"asyncCaller":null,"caller":{"filename":"resource://services-settings/Utils.sys.mjs","name":"fetch","sourceId":24,"lineNumber":223,"columnNumber":12,"asyncCause":null,"asyncCaller":null,"caller":{"filename":"resource://services-settings/Attachments.sys.mjs","name":"_fetchAttachment","sourceId":23,"lineNumber":560,"columnNumber":35,"asyncCause":null,"asyncCaller":null,"caller":{"filename":"resource://services-settings/Attachments.sys.mjs","name":"downloadAsBytes","sourceId":23,"lineNumber":537,"columnNumber":35,"asyncCause":null,"asyncCaller":null,"caller":null,"formattedStack":"downloadAsBytes@resource://services-settings/Attachments.sys.mjs:537:35\n","nativeSavedFrame":{}},"formattedStack":"_fetchAttachment@resource://services-settings/Attachments.sys.mjs:560:35\ndownloadAsBytes@resource://services-settings/Attachments.sys.mjs:537:35\n","nativeSavedFrame":{}},"formattedStack":"fetch@resource://services-settings/Utils.sys.mjs:223:12\n_fetchAttachment@resource://services-settings/Attachments.sys.mjs:560:35\ndownloadAsBytes@resource://services-settings/Attachments.sys.mjs:537:35\n","nativeSavedFrame":{}},"formattedStack":"fetch/<@resource://services-settings/Utils.sys.mjs:272:15\nfetch@resource://services-settings/Utils.sys.mjs:223:12\n_fetchAttachment@resource://services-settings/Attachments.sys.mjs:560:35\ndownloadAsBytes@resource://services-settings/Attachments.sys.mjs:537:35\n","nativeSavedFrame":{}},"formattedStack":"open@resource://gre/modules/ServiceRequest.sys.mjs:126:11\nfetch/<@resource://services-settings/Utils.sys.mjs:272:15\nfetch@resource://services-settings/Utils.sys.mjs:223:12\n_fetchAttachment@resource://services-settings/Attachments.sys.mjs:560:35\ndownloadAsBytes@resource://services-settings/Attachments.sys.mjs:537:35\n","nativeSavedFrame":{}}
    - message = 
    - name = 
    - result = 2152071198
    - stack = open@resource://gre/modules/ServiceRequest.sys.mjs:126:11|fetch/<@resource://services-settings/Utils.sys.mjs:272:15|fetch@resource://services-settings/Utils.sys.mjs:223:12|_fetchAttachment@resource://services-settings/Attachments.sys.mjs:560:35|downloadAsBytes@resource://services-settings/Attachments.sys.mjs:537:35|
  - prototype Object
console.error: RemoteSecuritySettings: 
  failed to download CRLite filter
Object
  - prototype Object
    - columnNumber = 0
    - data = null
    - filename = resource://gre/modules/ServiceRequest.sys.mjs
    - lineNumber = 126
    - location = {"name":"open","filename":"resource://gre/modules/ServiceRequest.sys.mjs","sourceId":25,"lineNumber":126,"columnNumber":11,"asyncCause":null,"asyncCaller":null,"caller":{"filename":"resource://services-settings/Utils.sys.mjs","name":"fetch/<","sourceId":24,"lineNumber":272,"columnNumber":15,"asyncCause":null,"asyncCaller":null,"caller":{"filename":"resource://services-settings/Utils.sys.mjs","name":"fetch","sourceId":24,"lineNumber":223,"columnNumber":12,"asyncCause":null,"asyncCaller":null,"caller":{"filename":"resource://services-settings/Attachments.sys.mjs","name":"_fetchAttachment","sourceId":23,"lineNumber":560,"columnNumber":35,"asyncCause":null,"asyncCaller":null,"caller":{"filename":"resource://services-settings/Attachments.sys.mjs","name":"downloadAsBytes","sourceId":23,"lineNumber":537,"columnNumber":35,"asyncCause":null,"asyncCaller":null,"caller":null,"formattedStack":"downloadAsBytes@resource://services-settings/Attachments.sys.mjs:537:35\n","nativeSavedFrame":{}},"formattedStack":"_fetchAttachment@resource://services-settings/Attachments.sys.mjs:560:35\ndownloadAsBytes@resource://services-settings/Attachments.sys.mjs:537:35\n","nativeSavedFrame":{}},"formattedStack":"fetch@resource://services-settings/Utils.sys.mjs:223:12\n_fetchAttachment@resource://services-settings/Attachments.sys.mjs:560:35\ndownloadAsBytes@resource://services-settings/Attachments.sys.mjs:537:35\n","nativeSavedFrame":{}},"formattedStack":"fetch/<@resource://services-settings/Utils.sys.mjs:272:15\nfetch@resource://services-settings/Utils.sys.mjs:223:12\n_fetchAttachment@resource://services-settings/Attachments.sys.mjs:560:35\ndownloadAsBytes@resource://services-settings/Attachments.sys.mjs:537:35\n","nativeSavedFrame":{}},"formattedStack":"open@resource://gre/modules/ServiceRequest.sys.mjs:126:11\nfetch/<@resource://services-settings/Utils.sys.mjs:272:15\nfetch@resource://services-settings/Utils.sys.mjs:223:12\n_fetchAttachment@resource://services-settings/Attachments.sys.mjs:560:35\ndownloadAsBytes@resource://services-settings/Attachments.sys.mjs:537:35\n","nativeSavedFrame":{}}
    - message = 
    - name = 
    - result = 2152071198
    - stack = open@resource://gre/modules/ServiceRequest.sys.mjs:126:11|fetch/<@resource://services-settings/Utils.sys.mjs:272:15|fetch@resource://services-settings/Utils.sys.mjs:223:12|_fetchAttachment@resource://services-settings/Attachments.sys.mjs:560:35|downloadAsBytes@resource://services-settings/Attachments.sys.mjs:537:35|
  - prototype Object
console.error: RemoteSecuritySettings: 
  failed to download CRLite filter
Object
  - prototype Object
    - columnNumber = 0
    - data = null
    - filename = resource://gre/modules/ServiceRequest.sys.mjs
    - lineNumber = 126
    - location = {"name":"open","filename":"resource://gre/modules/ServiceRequest.sys.mjs","sourceId":25,"lineNumber":126,"columnNumber":11,"asyncCause":null,"asyncCaller":null,"caller":{"filename":"resource://services-settings/Utils.sys.mjs","name":"fetch/<","sourceId":24,"lineNumber":272,"columnNumber":15,"asyncCause":null,"asyncCaller":null,"caller":{"filename":"resource://services-settings/Utils.sys.mjs","name":"fetch","sourceId":24,"lineNumber":223,"columnNumber":12,"asyncCause":null,"asyncCaller":null,"caller":{"filename":"resource://services-settings/Attachments.sys.mjs","name":"_fetchAttachment","sourceId":23,"lineNumber":560,"columnNumber":35,"asyncCause":null,"asyncCaller":null,"caller":{"filename":"resource://services-settings/Attachments.sys.mjs","name":"downloadAsBytes","sourceId":23,"lineNumber":537,"columnNumber":35,"asyncCause":null,"asyncCaller":null,"caller":null,"formattedStack":"downloadAsBytes@resource://services-settings/Attachments.sys.mjs:537:35\n","nativeSavedFrame":{}},"formattedStack":"_fetchAttachment@resource://services-settings/Attachments.sys.mjs:560:35\ndownloadAsBytes@resource://services-settings/Attachments.sys.mjs:537:35\n","nativeSavedFrame":{}},"formattedStack":"fetch@resource://services-settings/Utils.sys.mjs:223:12\n_fetchAttachment@resource://services-settings/Attachments.sys.mjs:560:35\ndownloadAsBytes@resource://services-settings/Attachments.sys.mjs:537:35\n","nativeSavedFrame":{}},"formattedStack":"fetch/<@resource://services-settings/Utils.sys.mjs:272:15\nfetch@resource://services-settings/Utils.sys.mjs:223:12\n_fetchAttachment@resource://services-settings/Attachments.sys.mjs:560:35\ndownloadAsBytes@resource://services-settings/Attachments.sys.mjs:537:35\n","nativeSavedFrame":{}},"formattedStack":"open@resource://gre/modules/ServiceRequest.sys.mjs:126:11\nfetch/<@resource://services-settings/Utils.sys.mjs:272:15\nfetch@resource://services-settings/Utils.sys.mjs:223:12\n_fetchAttachment@resource://services-settings/Attachments.sys.mjs:560:35\ndownloadAsBytes@resource://services-settings/Attachments.sys.mjs:537:35\n","nativeSavedFrame":{}}
    - message = 
    - name = 
    - result = 2152071198
    - stack = open@resource://gre/modules/ServiceRequest.sys.mjs:126:11|fetch/<@resource://services-settings/Utils.sys.mjs:272:15|fetch@resource://services-settings/Utils.sys.mjs:223:12|_fetchAttachment@resource://services-settings/Attachments.sys.mjs:560:35|downloadAsBytes@resource://services-settings/Attachments.sys.mjs:537:35|
  - prototype Object
console.error: RemoteSecuritySettings: 
  failed to download CRLite filter
Object
  - prototype Object
    - columnNumber = 0
    - data = null
    - filename = resource://gre/modules/ServiceRequest.sys.mjs
    - lineNumber = 126
    - location = {"name":"open","filename":"resource://gre/modules/ServiceRequest.sys.mjs","sourceId":25,"lineNumber":126,"columnNumber":11,"asyncCause":null,"asyncCaller":null,"caller":{"filename":"resource://services-settings/Utils.sys.mjs","name":"fetch/<","sourceId":24,"lineNumber":272,"columnNumber":15,"asyncCause":null,"asyncCaller":null,"caller":{"filename":"resource://services-settings/Utils.sys.mjs","name":"fetch","sourceId":24,"lineNumber":223,"columnNumber":12,"asyncCause":null,"asyncCaller":null,"caller":{"filename":"resource://services-settings/Attachments.sys.mjs","name":"_fetchAttachment","sourceId":23,"lineNumber":560,"columnNumber":35,"asyncCause":null,"asyncCaller":null,"caller":{"filename":"resource://services-settings/Attachments.sys.mjs","name":"downloadAsBytes","sourceId":23,"lineNumber":537,"columnNumber":35,"asyncCause":null,"asyncCaller":null,"caller":null,"formattedStack":"downloadAsBytes@resource://services-settings/Attachments.sys.mjs:537:35\n","nativeSavedFrame":{}},"formattedStack":"_fetchAttachment@resource://services-settings/Attachments.sys.mjs:560:35\ndownloadAsBytes@resource://services-settings/Attachments.sys.mjs:537:35\n","nativeSavedFrame":{}},"formattedStack":"fetch@resource://services-settings/Utils.sys.mjs:223:12\n_fetchAttachment@resource://services-settings/Attachments.sys.mjs:560:35\ndownloadAsBytes@resource://services-settings/Attachments.sys.mjs:537:35\n","nativeSavedFrame":{}},"formattedStack":"fetch/<@resource://services-settings/Utils.sys.mjs:272:15\nfetch@resource://services-settings/Utils.sys.mjs:223:12\n_fetchAttachment@resource://services-settings/Attachments.sys.mjs:560:35\ndownloadAsBytes@resource://services-settings/Attachments.sys.mjs:537:35\n","nativeSavedFrame":{}},"formattedStack":"open@resource://gre/modules/ServiceRequest.sys.mjs:126:11\nfetch/<@resource://services-settings/Utils.sys.mjs:272:15\nfetch@resource://services-settings/Utils.sys.mjs:223:12\n_fetchAttachment@resource://services-settings/Attachments.sys.mjs:560:35\ndownloadAsBytes@resource://services-settings/Attachments.sys.mjs:537:35\n","nativeSavedFrame":{}}
    - message = 
    - name = 
    - result = 2152071198
    - stack = open@resource://gre/modules/ServiceRequest.sys.mjs:126:11|fetch/<@resource://services-settings/Utils.sys.mjs:272:15|fetch@resource://services-settings/Utils.sys.mjs:223:12|_fetchAttachment@resource://services-settings/Attachments.sys.mjs:560:35|downloadAsBytes@resource://services-settings/Attachments.sys.mjs:537:35|
  - prototype Object
console.error: RemoteSecuritySettings: 
  failed to download CRLite filter
Object
  - prototype Object
    - columnNumber = 0
    - data = null
    - filename = resource://gre/modules/ServiceRequest.sys.mjs
    - lineNumber = 126
    - location = {"name":"open","filename":"resource://gre/modules/ServiceRequest.sys.mjs","sourceId":25,"lineNumber":126,"columnNumber":11,"asyncCause":null,"asyncCaller":null,"caller":{"filename":"resource://services-settings/Utils.sys.mjs","name":"fetch/<","sourceId":24,"lineNumber":272,"columnNumber":15,"asyncCause":null,"asyncCaller":null,"caller":{"filename":"resource://services-settings/Utils.sys.mjs","name":"fetch","sourceId":24,"lineNumber":223,"columnNumber":12,"asyncCause":null,"asyncCaller":null,"caller":{"filename":"resource://services-settings/Attachments.sys.mjs","name":"_fetchAttachment","sourceId":23,"lineNumber":560,"columnNumber":35,"asyncCause":null,"asyncCaller":null,"caller":{"filename":"resource://services-settings/Attachments.sys.mjs","name":"downloadAsBytes","sourceId":23,"lineNumber":537,"columnNumber":35,"asyncCause":null,"asyncCaller":null,"caller":null,"formattedStack":"downloadAsBytes@resource://services-settings/Attachments.sys.mjs:537:35\n","nativeSavedFrame":{}},"formattedStack":"_fetchAttachment@resource://services-settings/Attachments.sys.mjs:560:35\ndownloadAsBytes@resource://services-settings/Attachments.sys.mjs:537:35\n","nativeSavedFrame":{}},"formattedStack":"fetch@resource://services-settings/Utils.sys.mjs:223:12\n_fetchAttachment@resource://services-settings/Attachments.sys.mjs:560:35\ndownloadAsBytes@resource://services-settings/Attachments.sys.mjs:537:35\n","nativeSavedFrame":{}},"formattedStack":"fetch/<@resource://services-settings/Utils.sys.mjs:272:15\nfetch@resource://services-settings/Utils.sys.mjs:223:12\n_fetchAttachment@resource://services-settings/Attachments.sys.mjs:560:35\ndownloadAsBytes@resource://services-settings/Attachments.sys.mjs:537:35\n","nativeSavedFrame":{}},"formattedStack":"open@resource://gre/modules/ServiceRequest.sys.mjs:126:11\nfetch/<@resource://services-settings/Utils.sys.mjs:272:15\nfetch@resource://services-settings/Utils.sys.mjs:223:12\n_fetchAttachment@resource://services-settings/Attachments.sys.mjs:560:35\ndownloadAsBytes@resource://services-settings/Attachments.sys.mjs:537:35\n","nativeSavedFrame":{}}
    - message = 
    - name = 
    - result = 2152071198
    - stack = open@resource://gre/modules/ServiceRequest.sys.mjs:126:11|fetch/<@resource://services-settings/Utils.sys.mjs:272:15|fetch@resource://services-settings/Utils.sys.mjs:223:12|_fetchAttachment@resource://services-settings/Attachments.sys.mjs:560:35|downloadAsBytes@resource://services-settings/Attachments.sys.mjs:537:35|
  - prototype Object
console.error: RemoteSecuritySettings: 
  failed to download CRLite filter
Object
  - prototype Object
    - columnNumber = 0
    - data = null
    - filename = resource://gre/modules/ServiceRequest.sys.mjs
    - lineNumber = 126
    - location = {"name":"open","filename":"resource://gre/modules/ServiceRequest.sys.mjs","sourceId":25,"lineNumber":126,"columnNumber":11,"asyncCause":null,"asyncCaller":null,"caller":{"filename":"resource://services-settings/Utils.sys.mjs","name":"fetch/<","sourceId":24,"lineNumber":272,"columnNumber":15,"asyncCause":null,"asyncCaller":null,"caller":{"filename":"resource://services-settings/Utils.sys.mjs","name":"fetch","sourceId":24,"lineNumber":223,"columnNumber":12,"asyncCause":null,"asyncCaller":null,"caller":{"filename":"resource://services-settings/Attachments.sys.mjs","name":"_fetchAttachment","sourceId":23,"lineNumber":560,"columnNumber":35,"asyncCause":null,"asyncCaller":null,"caller":{"filename":"resource://services-settings/Attachments.sys.mjs","name":"downloadAsBytes","sourceId":23,"lineNumber":537,"columnNumber":35,"asyncCause":null,"asyncCaller":null,"caller":null,"formattedStack":"downloadAsBytes@resource://services-settings/Attachments.sys.mjs:537:35\n","nativeSavedFrame":{}},"formattedStack":"_fetchAttachment@resource://services-settings/Attachments.sys.mjs:560:35\ndownloadAsBytes@resource://services-settings/Attachments.sys.mjs:537:35\n","nativeSavedFrame":{}},"formattedStack":"fetch@resource://services-settings/Utils.sys.mjs:223:12\n_fetchAttachment@resource://services-settings/Attachments.sys.mjs:560:35\ndownloadAsBytes@resource://services-settings/Attachments.sys.mjs:537:35\n","nativeSavedFrame":{}},"formattedStack":"fetch/<@resource://services-settings/Utils.sys.mjs:272:15\nfetch@resource://services-settings/Utils.sys.mjs:223:12\n_fetchAttachment@resource://services-settings/Attachments.sys.mjs:560:35\ndownloadAsBytes@resource://services-settings/Attachments.sys.mjs:537:35\n","nativeSavedFrame":{}},"formattedStack":"open@resource://gre/modules/ServiceRequest.sys.mjs:126:11\nfetch/<@resource://services-settings/Utils.sys.mjs:272:15\nfetch@resource://services-settings/Utils.sys.mjs:223:12\n_fetchAttachment@resource://services-settings/Attachments.sys.mjs:560:35\ndownloadAsBytes@resource://services-settings/Attachments.sys.mjs:537:35\n","nativeSavedFrame":{}}
    - message = 
    - name = 
    - result = 2152071198
    - stack = open@resource://gre/modules/ServiceRequest.sys.mjs:126:11|fetch/<@resource://services-settings/Utils.sys.mjs:272:15|fetch@resource://services-settings/Utils.sys.mjs:223:12|_fetchAttachment@resource://services-settings/Attachments.sys.mjs:560:35|downloadAsBytes@resource://services-settings/Attachments.sys.mjs:537:35|
  - prototype Object
console.error: RemoteSecuritySettings: 
  failed to download CRLite filter
Object
  - prototype Object
    - columnNumber = 0
    - data = null
    - filename = resource://gre/modules/ServiceRequest.sys.mjs
    - lineNumber = 126
    - location = {"name":"open","filename":"resource://gre/modules/ServiceRequest.sys.mjs","sourceId":25,"lineNumber":126,"columnNumber":11,"asyncCause":null,"asyncCaller":null,"caller":{"filename":"resource://services-settings/Utils.sys.mjs","name":"fetch/<","sourceId":24,"lineNumber":272,"columnNumber":15,"asyncCause":null,"asyncCaller":null,"caller":{"filename":"resource://services-settings/Utils.sys.mjs","name":"fetch","sourceId":24,"lineNumber":223,"columnNumber":12,"asyncCause":null,"asyncCaller":null,"caller":{"filename":"resource://services-settings/Attachments.sys.mjs","name":"_fetchAttachment","sourceId":23,"lineNumber":560,"columnNumber":35,"asyncCause":null,"asyncCaller":null,"caller":{"filename":"resource://services-settings/Attachments.sys.mjs","name":"downloadAsBytes","sourceId":23,"lineNumber":537,"columnNumber":35,"asyncCause":null,"asyncCaller":null,"caller":null,"formattedStack":"downloadAsBytes@resource://services-settings/Attachments.sys.mjs:537:35\n","nativeSavedFrame":{}},"formattedStack":"_fetchAttachment@resource://services-settings/Attachments.sys.mjs:560:35\ndownloadAsBytes@resource://services-settings/Attachments.sys.mjs:537:35\n","nativeSavedFrame":{}},"formattedStack":"fetch@resource://services-settings/Utils.sys.mjs:223:12\n_fetchAttachment@resource://services-settings/Attachments.sys.mjs:560:35\ndownloadAsBytes@resource://services-settings/Attachments.sys.mjs:537:35\n","nativeSavedFrame":{}},"formattedStack":"fetch/<@resource://services-settings/Utils.sys.mjs:272:15\nfetch@resource://services-settings/Utils.sys.mjs:223:12\n_fetchAttachment@resource://services-settings/Attachments.sys.mjs:560:35\ndownloadAsBytes@resource://services-settings/Attachments.sys.mjs:537:35\n","nativeSavedFrame":{}},"formattedStack":"open@resource://gre/modules/ServiceRequest.sys.mjs:126:11\nfetch/<@resource://services-settings/Utils.sys.mjs:272:15\nfetch@resource://services-settings/Utils.sys.mjs:223:12\n_fetchAttachment@resource://services-settings/Attachments.sys.mjs:560:35\ndownloadAsBytes@resource://services-settings/Attachments.sys.mjs:537:35\n","nativeSavedFrame":{}}
    - message = 
    - name = 
    - result = 2152071198
    - stack = open@resource://gre/modules/ServiceRequest.sys.mjs:126:11|fetch/<@resource://services-settings/Utils.sys.mjs:272:15|fetch@resource://services-settings/Utils.sys.mjs:223:12|_fetchAttachment@resource://services-settings/Attachments.sys.mjs:560:35|downloadAsBytes@resource://services-settings/Attachments.sys.mjs:537:35|
  - prototype Object
console.error: RemoteSecuritySettings: 
  failed to download CRLite filter
Object
  - prototype Object
    - columnNumber = 0
    - data = null
    - filename = resource://gre/modules/ServiceRequest.sys.mjs
    - lineNumber = 126
    - location = {"name":"open","filename":"resource://gre/modules/ServiceRequest.sys.mjs","sourceId":25,"lineNumber":126,"columnNumber":11,"asyncCause":null,"asyncCaller":null,"caller":{"filename":"resource://services-settings/Utils.sys.mjs","name":"fetch/<","sourceId":24,"lineNumber":272,"columnNumber":15,"asyncCause":null,"asyncCaller":null,"caller":{"filename":"resource://services-settings/Utils.sys.mjs","name":"fetch","sourceId":24,"lineNumber":223,"columnNumber":12,"asyncCause":null,"asyncCaller":null,"caller":{"filename":"resource://services-settings/Attachments.sys.mjs","name":"_fetchAttachment","sourceId":23,"lineNumber":560,"columnNumber":35,"asyncCause":null,"asyncCaller":null,"caller":{"filename":"resource://services-settings/Attachments.sys.mjs","name":"downloadAsBytes","sourceId":23,"lineNumber":537,"columnNumber":35,"asyncCause":null,"asyncCaller":null,"caller":null,"formattedStack":"downloadAsBytes@resource://services-settings/Attachments.sys.mjs:537:35\n","nativeSavedFrame":{}},"formattedStack":"_fetchAttachment@resource://services-settings/Attachments.sys.mjs:560:35\ndownloadAsBytes@resource://services-settings/Attachments.sys.mjs:537:35\n","nativeSavedFrame":{}},"formattedStack":"fetch@resource://services-settings/Utils.sys.mjs:223:12\n_fetchAttachment@resource://services-settings/Attachments.sys.mjs:560:35\ndownloadAsBytes@resource://services-settings/Attachments.sys.mjs:537:35\n","nativeSavedFrame":{}},"formattedStack":"fetch/<@resource://services-settings/Utils.sys.mjs:272:15\nfetch@resource://services-settings/Utils.sys.mjs:223:12\n_fetchAttachment@resource://services-settings/Attachments.sys.mjs:560:35\ndownloadAsBytes@resource://services-settings/Attachments.sys.mjs:537:35\n","nativeSavedFrame":{}},"formattedStack":"open@resource://gre/modules/ServiceRequest.sys.mjs:126:11\nfetch/<@resource://services-settings/Utils.sys.mjs:272:15\nfetch@resource://services-settings/Utils.sys.mjs:223:12\n_fetchAttachment@resource://services-settings/Attachments.sys.mjs:560:35\ndownloadAsBytes@resource://services-settings/Attachments.sys.mjs:537:35\n","nativeSavedFrame":{}}
    - message = 
    - name = 
    - result = 2152071198
    - stack = open@resource://gre/modules/ServiceRequest.sys.mjs:126:11|fetch/<@resource://services-settings/Utils.sys.mjs:272:15|fetch@resource://services-settings/Utils.sys.mjs:223:12|_fetchAttachment@resource://services-settings/Attachments.sys.mjs:560:35|downloadAsBytes@resource://services-settings/Attachments.sys.mjs:537:35|
  - prototype Object
console.error: RemoteSecuritySettings: 
  failed to download CRLite filter
Object
  - prototype Object
    - columnNumber = 0
    - data = null
    - filename = resource://gre/modules/ServiceRequest.sys.mjs
    - lineNumber = 126
    - location = {"name":"open","filename":"resource://gre/modules/ServiceRequest.sys.mjs","sourceId":25,"lineNumber":126,"columnNumber":11,"asyncCause":null,"asyncCaller":null,"caller":{"filename":"resource://services-settings/Utils.sys.mjs","name":"fetch/<","sourceId":24,"lineNumber":272,"columnNumber":15,"asyncCause":null,"asyncCaller":null,"caller":{"filename":"resource://services-settings/Utils.sys.mjs","name":"fetch","sourceId":24,"lineNumber":223,"columnNumber":12,"asyncCause":null,"asyncCaller":null,"caller":{"filename":"resource://services-settings/Attachments.sys.mjs","name":"_fetchAttachment","sourceId":23,"lineNumber":560,"columnNumber":35,"asyncCause":null,"asyncCaller":null,"caller":{"filename":"resource://services-settings/Attachments.sys.mjs","name":"downloadAsBytes","sourceId":23,"lineNumber":537,"columnNumber":35,"asyncCause":null,"asyncCaller":null,"caller":null,"formattedStack":"downloadAsBytes@resource://services-settings/Attachments.sys.mjs:537:35\n","nativeSavedFrame":{}},"formattedStack":"_fetchAttachment@resource://services-settings/Attachments.sys.mjs:560:35\ndownloadAsBytes@resource://services-settings/Attachments.sys.mjs:537:35\n","nativeSavedFrame":{}},"formattedStack":"fetch@resource://services-settings/Utils.sys.mjs:223:12\n_fetchAttachment@resource://services-settings/Attachments.sys.mjs:560:35\ndownloadAsBytes@resource://services-settings/Attachments.sys.mjs:537:35\n","nativeSavedFrame":{}},"formattedStack":"fetch/<@resource://services-settings/Utils.sys.mjs:272:15\nfetch@resource://services-settings/Utils.sys.mjs:223:12\n_fetchAttachment@resource://services-settings/Attachments.sys.mjs:560:35\ndownloadAsBytes@resource://services-settings/Attachments.sys.mjs:537:35\n","nativeSavedFrame":{}},"formattedStack":"open@resource://gre/modules/ServiceRequest.sys.mjs:126:11\nfetch/<@resource://services-settings/Utils.sys.mjs:272:15\nfetch@resource://services-settings/Utils.sys.mjs:223:12\n_fetchAttachment@resource://services-settings/Attachments.sys.mjs:560:35\ndownloadAsBytes@resource://services-settings/Attachments.sys.mjs:537:35\n","nativeSavedFrame":{}}
    - message = 
    - name = 
    - result = 2152071198
    - stack = open@resource://gre/modules/ServiceRequest.sys.mjs:126:11|fetch/<@resource://services-settings/Utils.sys.mjs:272:15|fetch@resource://services-settings/Utils.sys.mjs:223:12|_fetchAttachment@resource://services-settings/Attachments.sys.mjs:560:35|downloadAsBytes@resource://services-settings/Attachments.sys.mjs:537:35|
  - prototype Object
console.error: RemoteSecuritySettings: 
  failed to download CRLite filter
Object
  - prototype Object
    - columnNumber = 0
    - data = null
    - filename = resource://gre/modules/ServiceRequest.sys.mjs
    - lineNumber = 126
    - location = {"name":"open","filename":"resource://gre/modules/ServiceRequest.sys.mjs","sourceId":25,"lineNumber":126,"columnNumber":11,"asyncCause":null,"asyncCaller":null,"caller":{"filename":"resource://services-settings/Utils.sys.mjs","name":"fetch/<","sourceId":24,"lineNumber":272,"columnNumber":15,"asyncCause":null,"asyncCaller":null,"caller":{"filename":"resource://services-settings/Utils.sys.mjs","name":"fetch","sourceId":24,"lineNumber":223,"columnNumber":12,"asyncCause":null,"asyncCaller":null,"caller":{"filename":"resource://services-settings/Attachments.sys.mjs","name":"_fetchAttachment","sourceId":23,"lineNumber":560,"columnNumber":35,"asyncCause":null,"asyncCaller":null,"caller":{"filename":"resource://services-settings/Attachments.sys.mjs","name":"downloadAsBytes","sourceId":23,"lineNumber":537,"columnNumber":35,"asyncCause":null,"asyncCaller":null,"caller":null,"formattedStack":"downloadAsBytes@resource://services-settings/Attachments.sys.mjs:537:35\n","nativeSavedFrame":{}},"formattedStack":"_fetchAttachment@resource://services-settings/Attachments.sys.mjs:560:35\ndownloadAsBytes@resource://services-settings/Attachments.sys.mjs:537:35\n","nativeSavedFrame":{}},"formattedStack":"fetch@resource://services-settings/Utils.sys.mjs:223:12\n_fetchAttachment@resource://services-settings/Attachments.sys.mjs:560:35\ndownloadAsBytes@resource://services-settings/Attachments.sys.mjs:537:35\n","nativeSavedFrame":{}},"formattedStack":"fetch/<@resource://services-settings/Utils.sys.mjs:272:15\nfetch@resource://services-settings/Utils.sys.mjs:223:12\n_fetchAttachment@resource://services-settings/Attachments.sys.mjs:560:35\ndownloadAsBytes@resource://services-settings/Attachments.sys.mjs:537:35\n","nativeSavedFrame":{}},"formattedStack":"open@resource://gre/modules/ServiceRequest.sys.mjs:126:11\nfetch/<@resource://services-settings/Utils.sys.mjs:272:15\nfetch@resource://services-settings/Utils.sys.mjs:223:12\n_fetchAttachment@resource://services-settings/Attachments.sys.mjs:560:35\ndownloadAsBytes@resource://services-settings/Attachments.sys.mjs:537:35\n","nativeSavedFrame":{}}
    - message = 
    - name = 
    - result = 2152071198
    - stack = open@resource://gre/modules/ServiceRequest.sys.mjs:126:11|fetch/<@resource://services-settings/Utils.sys.mjs:272:15|fetch@resource://services-settings/Utils.sys.mjs:223:12|_fetchAttachment@resource://services-settings/Attachments.sys.mjs:560:35|downloadAsBytes@resource://services-settings/Attachments.sys.mjs:537:35|
  - prototype Object
console.error: RemoteSecuritySettings: 
  failed to download CRLite filter
Object
  - prototype Object
    - columnNumber = 0
    - data = null
    - filename = resource://gre/modules/ServiceRequest.sys.mjs
    - lineNumber = 126
    - location = {"name":"open","filename":"resource://gre/modules/ServiceRequest.sys.mjs","sourceId":25,"lineNumber":126,"columnNumber":11,"asyncCause":null,"asyncCaller":null,"caller":{"filename":"resource://services-settings/Utils.sys.mjs","name":"fetch/<","sourceId":24,"lineNumber":272,"columnNumber":15,"asyncCause":null,"asyncCaller":null,"caller":{"filename":"resource://services-settings/Utils.sys.mjs","name":"fetch","sourceId":24,"lineNumber":223,"columnNumber":12,"asyncCause":null,"asyncCaller":null,"caller":{"filename":"resource://services-settings/Attachments.sys.mjs","name":"_fetchAttachment","sourceId":23,"lineNumber":560,"columnNumber":35,"asyncCause":null,"asyncCaller":null,"caller":{"filename":"resource://services-settings/Attachments.sys.mjs","name":"downloadAsBytes","sourceId":23,"lineNumber":537,"columnNumber":35,"asyncCause":null,"asyncCaller":null,"caller":null,"formattedStack":"downloadAsBytes@resource://services-settings/Attachments.sys.mjs:537:35\n","nativeSavedFrame":{}},"formattedStack":"_fetchAttachment@resource://services-settings/Attachments.sys.mjs:560:35\ndownloadAsBytes@resource://services-settings/Attachments.sys.mjs:537:35\n","nativeSavedFrame":{}},"formattedStack":"fetch@resource://services-settings/Utils.sys.mjs:223:12\n_fetchAttachment@resource://services-settings/Attachments.sys.mjs:560:35\ndownloadAsBytes@resource://services-settings/Attachments.sys.mjs:537:35\n","nativeSavedFrame":{}},"formattedStack":"fetch/<@resource://services-settings/Utils.sys.mjs:272:15\nfetch@resource://services-settings/Utils.sys.mjs:223:12\n_fetchAttachment@resource://services-settings/Attachments.sys.mjs:560:35\ndownloadAsBytes@resource://services-settings/Attachments.sys.mjs:537:35\n","nativeSavedFrame":{}},"formattedStack":"open@resource://gre/modules/ServiceRequest.sys.mjs:126:11\nfetch/<@resource://services-settings/Utils.sys.mjs:272:15\nfetch@resource://services-settings/Utils.sys.mjs:223:12\n_fetchAttachment@resource://services-settings/Attachments.sys.mjs:560:35\ndownloadAsBytes@resource://services-settings/Attachments.sys.mjs:537:35\n","nativeSavedFrame":{}}
    - message = 
    - name = 
    - result = 2152071198
    - stack = open@resource://gre/modules/ServiceRequest.sys.mjs:126:11|fetch/<@resource://services-settings/Utils.sys.mjs:272:15|fetch@resource://services-settings/Utils.sys.mjs:223:12|_fetchAttachment@resource://services-settings/Attachments.sys.mjs:560:35|downloadAsBytes@resource://services-settings/Attachments.sys.mjs:537:35|
  - prototype Object
console.error: RemoteSecuritySettings: 
  failed to download CRLite filter
Object
  - prototype Object
    - columnNumber = 0
    - data = null
    - filename = resource://gre/modules/ServiceRequest.sys.mjs
    - lineNumber = 126
    - location = {"name":"open","filename":"resource://gre/modules/ServiceRequest.sys.mjs","sourceId":25,"lineNumber":126,"columnNumber":11,"asyncCause":null,"asyncCaller":null,"caller":{"filename":"resource://services-settings/Utils.sys.mjs","name":"fetch/<","sourceId":24,"lineNumber":272,"columnNumber":15,"asyncCause":null,"asyncCaller":null,"caller":{"filename":"resource://services-settings/Utils.sys.mjs","name":"fetch","sourceId":24,"lineNumber":223,"columnNumber":12,"asyncCause":null,"asyncCaller":null,"caller":{"filename":"resource://services-settings/Attachments.sys.mjs","name":"_fetchAttachment","sourceId":23,"lineNumber":560,"columnNumber":35,"asyncCause":null,"asyncCaller":null,"caller":{"filename":"resource://services-settings/Attachments.sys.mjs","name":"downloadAsBytes","sourceId":23,"lineNumber":537,"columnNumber":35,"asyncCause":null,"asyncCaller":null,"caller":null,"formattedStack":"downloadAsBytes@resource://services-settings/Attachments.sys.mjs:537:35\n","nativeSavedFrame":{}},"formattedStack":"_fetchAttachment@resource://services-settings/Attachments.sys.mjs:560:35\ndownloadAsBytes@resource://services-settings/Attachments.sys.mjs:537:35\n","nativeSavedFrame":{}},"formattedStack":"fetch@resource://services-settings/Utils.sys.mjs:223:12\n_fetchAttachment@resource://services-settings/Attachments.sys.mjs:560:35\ndownloadAsBytes@resource://services-settings/Attachments.sys.mjs:537:35\n","nativeSavedFrame":{}},"formattedStack":"fetch/<@resource://services-settings/Utils.sys.mjs:272:15\nfetch@resource://services-settings/Utils.sys.mjs:223:12\n_fetchAttachment@resource://services-settings/Attachments.sys.mjs:560:35\ndownloadAsBytes@resource://services-settings/Attachments.sys.mjs:537:35\n","nativeSavedFrame":{}},"formattedStack":"open@resource://gre/modules/ServiceRequest.sys.mjs:126:11\nfetch/<@resource://services-settings/Utils.sys.mjs:272:15\nfetch@resource://services-settings/Utils.sys.mjs:223:12\n_fetchAttachment@resource://services-settings/Attachments.sys.mjs:560:35\ndownloadAsBytes@resource://services-settings/Attachments.sys.mjs:537:35\n","nativeSavedFrame":{}}
    - message = 
    - name = 
    - result = 2152071198
    - stack = open@resource://gre/modules/ServiceRequest.sys.mjs:126:11|fetch/<@resource://services-settings/Utils.sys.mjs:272:15|fetch@resource://services-settings/Utils.sys.mjs:223:12|_fetchAttachment@resource://services-settings/Attachments.sys.mjs:560:35|downloadAsBytes@resource://services-settings/Attachments.sys.mjs:537:35|
  - prototype Object
console.error: RemoteSecuritySettings: 
  failed to download CRLite filter
Object
  - prototype Object
    - columnNumber = 0
    - data = null
    - filename = resource://gre/modules/ServiceRequest.sys.mjs
    - lineNumber = 126
    - location = {"name":"open","filename":"resource://gre/modules/ServiceRequest.sys.mjs","sourceId":25,"lineNumber":126,"columnNumber":11,"asyncCause":null,"asyncCaller":null,"caller":{"filename":"resource://services-settings/Utils.sys.mjs","name":"fetch/<","sourceId":24,"lineNumber":272,"columnNumber":15,"asyncCause":null,"asyncCaller":null,"caller":{"filename":"resource://services-settings/Utils.sys.mjs","name":"fetch","sourceId":24,"lineNumber":223,"columnNumber":12,"asyncCause":null,"asyncCaller":null,"caller":{"filename":"resource://services-settings/Attachments.sys.mjs","name":"_fetchAttachment","sourceId":23,"lineNumber":560,"columnNumber":35,"asyncCause":null,"asyncCaller":null,"caller":{"filename":"resource://services-settings/Attachments.sys.mjs","name":"downloadAsBytes","sourceId":23,"lineNumber":537,"columnNumber":35,"asyncCause":null,"asyncCaller":null,"caller":null,"formattedStack":"downloadAsBytes@resource://services-settings/Attachments.sys.mjs:537:35\n","nativeSavedFrame":{}},"formattedStack":"_fetchAttachment@resource://services-settings/Attachments.sys.mjs:560:35\ndownloadAsBytes@resource://services-settings/Attachments.sys.mjs:537:35\n","nativeSavedFrame":{}},"formattedStack":"fetch@resource://services-settings/Utils.sys.mjs:223:12\n_fetchAttachment@resource://services-settings/Attachments.sys.mjs:560:35\ndownloadAsBytes@resource://services-settings/Attachments.sys.mjs:537:35\n","nativeSavedFrame":{}},"formattedStack":"fetch/<@resource://services-settings/Utils.sys.mjs:272:15\nfetch@resource://services-settings/Utils.sys.mjs:223:12\n_fetchAttachment@resource://services-settings/Attachments.sys.mjs:560:35\ndownloadAsBytes@resource://services-settings/Attachments.sys.mjs:537:35\n","nativeSavedFrame":{}},"formattedStack":"open@resource://gre/modules/ServiceRequest.sys.mjs:126:11\nfetch/<@resource://services-settings/Utils.sys.mjs:272:15\nfetch@resource://services-settings/Utils.sys.mjs:223:12\n_fetchAttachment@resource://services-settings/Attachments.sys.mjs:560:35\ndownloadAsBytes@resource://services-settings/Attachments.sys.mjs:537:35\n","nativeSavedFrame":{}}
    - message = 
    - name = 
    - result = 2152071198
    - stack = open@resource://gre/modules/ServiceRequest.sys.mjs:126:11|fetch/<@resource://services-settings/Utils.sys.mjs:272:15|fetch@resource://services-settings/Utils.sys.mjs:223:12|_fetchAttachment@resource://services-settings/Attachments.sys.mjs:560:35|downloadAsBytes@resource://services-settings/Attachments.sys.mjs:537:35|
  - prototype Object
console.error: RemoteSecuritySettings: 
  failed to download CRLite filter
Object
  - prototype Object
    - columnNumber = 0
    - data = null
    - filename = resource://gre/modules/ServiceRequest.sys.mjs
    - lineNumber = 126
    - location = {"name":"open","filename":"resource://gre/modules/ServiceRequest.sys.mjs","sourceId":25,"lineNumber":126,"columnNumber":11,"asyncCause":null,"asyncCaller":null,"caller":{"filename":"resource://services-settings/Utils.sys.mjs","name":"fetch/<","sourceId":24,"lineNumber":272,"columnNumber":15,"asyncCause":null,"asyncCaller":null,"caller":{"filename":"resource://services-settings/Utils.sys.mjs","name":"fetch","sourceId":24,"lineNumber":223,"columnNumber":12,"asyncCause":null,"asyncCaller":null,"caller":{"filename":"resource://services-settings/Attachments.sys.mjs","name":"_fetchAttachment","sourceId":23,"lineNumber":560,"columnNumber":35,"asyncCause":null,"asyncCaller":null,"caller":{"filename":"resource://services-settings/Attachments.sys.mjs","name":"downloadAsBytes","sourceId":23,"lineNumber":537,"columnNumber":35,"asyncCause":null,"asyncCaller":null,"caller":null,"formattedStack":"downloadAsBytes@resource://services-settings/Attachments.sys.mjs:537:35\n","nativeSavedFrame":{}},"formattedStack":"_fetchAttachment@resource://services-settings/Attachments.sys.mjs:560:35\ndownloadAsBytes@resource://services-settings/Attachments.sys.mjs:537:35\n","nativeSavedFrame":{}},"formattedStack":"fetch@resource://services-settings/Utils.sys.mjs:223:12\n_fetchAttachment@resource://services-settings/Attachments.sys.mjs:560:35\ndownloadAsBytes@resource://services-settings/Attachments.sys.mjs:537:35\n","nativeSavedFrame":{}},"formattedStack":"fetch/<@resource://services-settings/Utils.sys.mjs:272:15\nfetch@resource://services-settings/Utils.sys.mjs:223:12\n_fetchAttachment@resource://services-settings/Attachments.sys.mjs:560:35\ndownloadAsBytes@resource://services-settings/Attachments.sys.mjs:537:35\n","nativeSavedFrame":{}},"formattedStack":"open@resource://gre/modules/ServiceRequest.sys.mjs:126:11\nfetch/<@resource://services-settings/Utils.sys.mjs:272:15\nfetch@resource://services-settings/Utils.sys.mjs:223:12\n_fetchAttachment@resource://services-settings/Attachments.sys.mjs:560:35\ndownloadAsBytes@resource://services-settings/Attachments.sys.mjs:537:35\n","nativeSavedFrame":{}}
    - message = 
    - name = 
    - result = 2152071198
    - stack = open@resource://gre/modules/ServiceRequest.sys.mjs:126:11|fetch/<@resource://services-settings/Utils.sys.mjs:272:15|fetch@resource://services-settings/Utils.sys.mjs:223:12|_fetchAttachment@resource://services-settings/Attachments.sys.mjs:560:35|downloadAsBytes@resource://services-settings/Attachments.sys.mjs:537:35|
  - prototype Object
console.error: RemoteSecuritySettings: 
  failed to download CRLite filter
Object
  - prototype Object
    - columnNumber = 0
    - data = null
    - filename = resource://gre/modules/ServiceRequest.sys.mjs
    - lineNumber = 126
    - location = {"name":"open","filename":"resource://gre/modules/ServiceRequest.sys.mjs","sourceId":25,"lineNumber":126,"columnNumber":11,"asyncCause":null,"asyncCaller":null,"caller":{"filename":"resource://services-settings/Utils.sys.mjs","name":"fetch/<","sourceId":24,"lineNumber":272,"columnNumber":15,"asyncCause":null,"asyncCaller":null,"caller":{"filename":"resource://services-settings/Utils.sys.mjs","name":"fetch","sourceId":24,"lineNumber":223,"columnNumber":12,"asyncCause":null,"asyncCaller":null,"caller":{"filename":"resource://services-settings/Attachments.sys.mjs","name":"_fetchAttachment","sourceId":23,"lineNumber":560,"columnNumber":35,"asyncCause":null,"asyncCaller":null,"caller":{"filename":"resource://services-settings/Attachments.sys.mjs","name":"downloadAsBytes","sourceId":23,"lineNumber":537,"columnNumber":35,"asyncCause":null,"asyncCaller":null,"caller":null,"formattedStack":"downloadAsBytes@resource://services-settings/Attachments.sys.mjs:537:35\n","nativeSavedFrame":{}},"formattedStack":"_fetchAttachment@resource://services-settings/Attachments.sys.mjs:560:35\ndownloadAsBytes@resource://services-settings/Attachments.sys.mjs:537:35\n","nativeSavedFrame":{}},"formattedStack":"fetch@resource://services-settings/Utils.sys.mjs:223:12\n_fetchAttachment@resource://services-settings/Attachments.sys.mjs:560:35\ndownloadAsBytes@resource://services-settings/Attachments.sys.mjs:537:35\n","nativeSavedFrame":{}},"formattedStack":"fetch/<@resource://services-settings/Utils.sys.mjs:272:15\nfetch@resource://services-settings/Utils.sys.mjs:223:12\n_fetchAttachment@resource://services-settings/Attachments.sys.mjs:560:35\ndownloadAsBytes@resource://services-settings/Attachments.sys.mjs:537:35\n","nativeSavedFrame":{}},"formattedStack":"open@resource://gre/modules/ServiceRequest.sys.mjs:126:11\nfetch/<@resource://services-settings/Utils.sys.mjs:272:15\nfetch@resource://services-settings/Utils.sys.mjs:223:12\n_fetchAttachment@resource://services-settings/Attachments.sys.mjs:560:35\ndownloadAsBytes@resource://services-settings/Attachments.sys.mjs:537:35\n","nativeSavedFrame":{}}
    - message = 
    - name = 
    - result = 2152071198
    - stack = open@resource://gre/modules/ServiceRequest.sys.mjs:126:11|fetch/<@resource://services-settings/Utils.sys.mjs:272:15|fetch@resource://services-settings/Utils.sys.mjs:223:12|_fetchAttachment@resource://services-settings/Attachments.sys.mjs:560:35|downloadAsBytes@resource://services-settings/Attachments.sys.mjs:537:35|
  - prototype Object
console.error: RemoteSecuritySettings: 
  failed to download CRLite filter
Object
  - prototype Object
    - columnNumber = 0
    - data = null
    - filename = resource://gre/modules/ServiceRequest.sys.mjs
    - lineNumber = 126
    - location = {"name":"open","filename":"resource://gre/modules/ServiceRequest.sys.mjs","sourceId":25,"lineNumber":126,"columnNumber":11,"asyncCause":null,"asyncCaller":null,"caller":{"filename":"resource://services-settings/Utils.sys.mjs","name":"fetch/<","sourceId":24,"lineNumber":272,"columnNumber":15,"asyncCause":null,"asyncCaller":null,"caller":{"filename":"resource://services-settings/Utils.sys.mjs","name":"fetch","sourceId":24,"lineNumber":223,"columnNumber":12,"asyncCause":null,"asyncCaller":null,"caller":{"filename":"resource://services-settings/Attachments.sys.mjs","name":"_fetchAttachment","sourceId":23,"lineNumber":560,"columnNumber":35,"asyncCause":null,"asyncCaller":null,"caller":{"filename":"resource://services-settings/Attachments.sys.mjs","name":"downloadAsBytes","sourceId":23,"lineNumber":537,"columnNumber":35,"asyncCause":null,"asyncCaller":null,"caller":null,"formattedStack":"downloadAsBytes@resource://services-settings/Attachments.sys.mjs:537:35\n","nativeSavedFrame":{}},"formattedStack":"_fetchAttachment@resource://services-settings/Attachments.sys.mjs:560:35\ndownloadAsBytes@resource://services-settings/Attachments.sys.mjs:537:35\n","nativeSavedFrame":{}},"formattedStack":"fetch@resource://services-settings/Utils.sys.mjs:223:12\n_fetchAttachment@resource://services-settings/Attachments.sys.mjs:560:35\ndownloadAsBytes@resource://services-settings/Attachments.sys.mjs:537:35\n","nativeSavedFrame":{}},"formattedStack":"fetch/<@resource://services-settings/Utils.sys.mjs:272:15\nfetch@resource://services-settings/Utils.sys.mjs:223:12\n_fetchAttachment@resource://services-settings/Attachments.sys.mjs:560:35\ndownloadAsBytes@resource://services-settings/Attachments.sys.mjs:537:35\n","nativeSavedFrame":{}},"formattedStack":"open@resource://gre/modules/ServiceRequest.sys.mjs:126:11\nfetch/<@resource://services-settings/Utils.sys.mjs:272:15\nfetch@resource://services-settings/Utils.sys.mjs:223:12\n_fetchAttachment@resource://services-settings/Attachments.sys.mjs:560:35\ndownloadAsBytes@resource://services-settings/Attachments.sys.mjs:537:35\n","nativeSavedFrame":{}}
    - message = 
    - name = 
    - result = 2152071198
    - stack = open@resource://gre/modules/ServiceRequest.sys.mjs:126:11|fetch/<@resource://services-settings/Utils.sys.mjs:272:15|fetch@resource://services-settings/Utils.sys.mjs:223:12|_fetchAttachment@resource://services-settings/Attachments.sys.mjs:560:35|downloadAsBytes@resource://services-settings/Attachments.sys.mjs:537:35|
  - prototype Object
console.error: RemoteSecuritySettings: 
  failed to download CRLite filter
Object
  - prototype Object
    - columnNumber = 0
    - data = null
    - filename = resource://gre/modules/ServiceRequest.sys.mjs
    - lineNumber = 126
    - location = {"name":"open","filename":"resource://gre/modules/ServiceRequest.sys.mjs","sourceId":25,"lineNumber":126,"columnNumber":11,"asyncCause":null,"asyncCaller":null,"caller":{"filename":"resource://services-settings/Utils.sys.mjs","name":"fetch/<","sourceId":24,"lineNumber":272,"columnNumber":15,"asyncCause":null,"asyncCaller":null,"caller":{"filename":"resource://services-settings/Utils.sys.mjs","name":"fetch","sourceId":24,"lineNumber":223,"columnNumber":12,"asyncCause":null,"asyncCaller":null,"caller":{"filename":"resource://services-settings/Attachments.sys.mjs","name":"_fetchAttachment","sourceId":23,"lineNumber":560,"columnNumber":35,"asyncCause":null,"asyncCaller":null,"caller":{"filename":"resource://services-settings/Attachments.sys.mjs","name":"downloadAsBytes","sourceId":23,"lineNumber":537,"columnNumber":35,"asyncCause":null,"asyncCaller":null,"caller":null,"formattedStack":"downloadAsBytes@resource://services-settings/Attachments.sys.mjs:537:35\n","nativeSavedFrame":{}},"formattedStack":"_fetchAttachment@resource://services-settings/Attachments.sys.mjs:560:35\ndownloadAsBytes@resource://services-settings/Attachments.sys.mjs:537:35\n","nativeSavedFrame":{}},"formattedStack":"fetch@resource://services-settings/Utils.sys.mjs:223:12\n_fetchAttachment@resource://services-settings/Attachments.sys.mjs:560:35\ndownloadAsBytes@resource://services-settings/Attachments.sys.mjs:537:35\n","nativeSavedFrame":{}},"formattedStack":"fetch/<@resource://services-settings/Utils.sys.mjs:272:15\nfetch@resource://services-settings/Utils.sys.mjs:223:12\n_fetchAttachment@resource://services-settings/Attachments.sys.mjs:560:35\ndownloadAsBytes@resource://services-settings/Attachments.sys.mjs:537:35\n","nativeSavedFrame":{}},"formattedStack":"open@resource://gre/modules/ServiceRequest.sys.mjs:126:11\nfetch/<@resource://services-settings/Utils.sys.mjs:272:15\nfetch@resource://services-settings/Utils.sys.mjs:223:12\n_fetchAttachment@resource://services-settings/Attachments.sys.mjs:560:35\ndownloadAsBytes@resource://services-settings/Attachments.sys.mjs:537:35\n","nativeSavedFrame":{}}
    - message = 
    - name = 
    - result = 2152071198
    - stack = open@resource://gre/modules/ServiceRequest.sys.mjs:126:11|fetch/<@resource://services-settings/Utils.sys.mjs:272:15|fetch@resource://services-settings/Utils.sys.mjs:223:12|_fetchAttachment@resource://services-settings/Attachments.sys.mjs:560:35|downloadAsBytes@resource://services-settings/Attachments.sys.mjs:537:35|
  - prototype Object
console.error: RemoteSecuritySettings: 
  failed to download CRLite filter
Object
  - prototype Object
    - columnNumber = 0
    - data = null
    - filename = resource://gre/modules/ServiceRequest.sys.mjs
    - lineNumber = 126
    - location = {"name":"open","filename":"resource://gre/modules/ServiceRequest.sys.mjs","sourceId":25,"lineNumber":126,"columnNumber":11,"asyncCause":null,"asyncCaller":null,"caller":{"filename":"resource://services-settings/Utils.sys.mjs","name":"fetch/<","sourceId":24,"lineNumber":272,"columnNumber":15,"asyncCause":null,"asyncCaller":null,"caller":{"filename":"resource://services-settings/Utils.sys.mjs","name":"fetch","sourceId":24,"lineNumber":223,"columnNumber":12,"asyncCause":null,"asyncCaller":null,"caller":{"filename":"resource://services-settings/Attachments.sys.mjs","name":"_fetchAttachment","sourceId":23,"lineNumber":560,"columnNumber":35,"asyncCause":null,"asyncCaller":null,"caller":{"filename":"resource://services-settings/Attachments.sys.mjs","name":"downloadAsBytes","sourceId":23,"lineNumber":537,"columnNumber":35,"asyncCause":null,"asyncCaller":null,"caller":null,"formattedStack":"downloadAsBytes@resource://services-settings/Attachments.sys.mjs:537:35\n","nativeSavedFrame":{}},"formattedStack":"_fetchAttachment@resource://services-settings/Attachments.sys.mjs:560:35\ndownloadAsBytes@resource://services-settings/Attachments.sys.mjs:537:35\n","nativeSavedFrame":{}},"formattedStack":"fetch@resource://services-settings/Utils.sys.mjs:223:12\n_fetchAttachment@resource://services-settings/Attachments.sys.mjs:560:35\ndownloadAsBytes@resource://services-settings/Attachments.sys.mjs:537:35\n","nativeSavedFrame":{}},"formattedStack":"fetch/<@resource://services-settings/Utils.sys.mjs:272:15\nfetch@resource://services-settings/Utils.sys.mjs:223:12\n_fetchAttachment@resource://services-settings/Attachments.sys.mjs:560:35\ndownloadAsBytes@resource://services-settings/Attachments.sys.mjs:537:35\n","nativeSavedFrame":{}},"formattedStack":"open@resource://gre/modules/ServiceRequest.sys.mjs:126:11\nfetch/<@resource://services-settings/Utils.sys.mjs:272:15\nfetch@resource://services-settings/Utils.sys.mjs:223:12\n_fetchAttachment@resource://services-settings/Attachments.sys.mjs:560:35\ndownloadAsBytes@resource://services-settings/Attachments.sys.mjs:537:35\n","nativeSavedFrame":{}}
    - message = 
    - name = 
    - result = 2152071198
    - stack = open@resource://gre/modules/ServiceRequest.sys.mjs:126:11|fetch/<@resource://services-settings/Utils.sys.mjs:272:15|fetch@resource://services-settings/Utils.sys.mjs:223:12|_fetchAttachment@resource://services-settings/Attachments.sys.mjs:560:35|downloadAsBytes@resource://services-settings/Attachments.sys.mjs:537:35|
  - prototype Object
console.error: RemoteSecuritySettings: 
  failed to download CRLite filter
Object
  - prototype Object
    - columnNumber = 0
    - data = null
    - filename = resource://gre/modules/ServiceRequest.sys.mjs
    - lineNumber = 126
    - location = {"name":"open","filename":"resource://gre/modules/ServiceRequest.sys.mjs","sourceId":25,"lineNumber":126,"columnNumber":11,"asyncCause":null,"asyncCaller":null,"caller":{"filename":"resource://services-settings/Utils.sys.mjs","name":"fetch/<","sourceId":24,"lineNumber":272,"columnNumber":15,"asyncCause":null,"asyncCaller":null,"caller":{"filename":"resource://services-settings/Utils.sys.mjs","name":"fetch","sourceId":24,"lineNumber":223,"columnNumber":12,"asyncCause":null,"asyncCaller":null,"caller":{"filename":"resource://services-settings/Attachments.sys.mjs","name":"_fetchAttachment","sourceId":23,"lineNumber":560,"columnNumber":35,"asyncCause":null,"asyncCaller":null,"caller":{"filename":"resource://services-settings/Attachments.sys.mjs","name":"downloadAsBytes","sourceId":23,"lineNumber":537,"columnNumber":35,"asyncCause":null,"asyncCaller":null,"caller":null,"formattedStack":"downloadAsBytes@resource://services-settings/Attachments.sys.mjs:537:35\n","nativeSavedFrame":{}},"formattedStack":"_fetchAttachment@resource://services-settings/Attachments.sys.mjs:560:35\ndownloadAsBytes@resource://services-settings/Attachments.sys.mjs:537:35\n","nativeSavedFrame":{}},"formattedStack":"fetch@resource://services-settings/Utils.sys.mjs:223:12\n_fetchAttachment@resource://services-settings/Attachments.sys.mjs:560:35\ndownloadAsBytes@resource://services-settings/Attachments.sys.mjs:537:35\n","nativeSavedFrame":{}},"formattedStack":"fetch/<@resource://services-settings/Utils.sys.mjs:272:15\nfetch@resource://services-settings/Utils.sys.mjs:223:12\n_fetchAttachment@resource://services-settings/Attachments.sys.mjs:560:35\ndownloadAsBytes@resource://services-settings/Attachments.sys.mjs:537:35\n","nativeSavedFrame":{}},"formattedStack":"open@resource://gre/modules/ServiceRequest.sys.mjs:126:11\nfetch/<@resource://services-settings/Utils.sys.mjs:272:15\nfetch@resource://services-settings/Utils.sys.mjs:223:12\n_fetchAttachment@resource://services-settings/Attachments.sys.mjs:560:35\ndownloadAsBytes@resource://services-settings/Attachments.sys.mjs:537:35\n","nativeSavedFrame":{}}
    - message = 
    - name = 
    - result = 2152071198
    - stack = open@resource://gre/modules/ServiceRequest.sys.mjs:126:11|fetch/<@resource://services-settings/Utils.sys.mjs:272:15|fetch@resource://services-settings/Utils.sys.mjs:223:12|_fetchAttachment@resource://services-settings/Attachments.sys.mjs:560:35|downloadAsBytes@resource://services-settings/Attachments.sys.mjs:537:35|
  - prototype Object
console.error: RemoteSecuritySettings: 
  failed to download CRLite filter
Object
  - prototype Object
    - columnNumber = 0
    - data = null
    - filename = resource://gre/modules/ServiceRequest.sys.mjs
    - lineNumber = 126
    - location = {"name":"open","filename":"resource://gre/modules/ServiceRequest.sys.mjs","sourceId":25,"lineNumber":126,"columnNumber":11,"asyncCause":null,"asyncCaller":null,"caller":{"filename":"resource://services-settings/Utils.sys.mjs","name":"fetch/<","sourceId":24,"lineNumber":272,"columnNumber":15,"asyncCause":null,"asyncCaller":null,"caller":{"filename":"resource://services-settings/Utils.sys.mjs","name":"fetch","sourceId":24,"lineNumber":223,"columnNumber":12,"asyncCause":null,"asyncCaller":null,"caller":{"filename":"resource://services-settings/Attachments.sys.mjs","name":"_fetchAttachment","sourceId":23,"lineNumber":560,"columnNumber":35,"asyncCause":null,"asyncCaller":null,"caller":{"filename":"resource://services-settings/Attachments.sys.mjs","name":"downloadAsBytes","sourceId":23,"lineNumber":537,"columnNumber":35,"asyncCause":null,"asyncCaller":null,"caller":null,"formattedStack":"downloadAsBytes@resource://services-settings/Attachments.sys.mjs:537:35\n","nativeSavedFrame":{}},"formattedStack":"_fetchAttachment@resource://services-settings/Attachments.sys.mjs:560:35\ndownloadAsBytes@resource://services-settings/Attachments.sys.mjs:537:35\n","nativeSavedFrame":{}},"formattedStack":"fetch@resource://services-settings/Utils.sys.mjs:223:12\n_fetchAttachment@resource://services-settings/Attachments.sys.mjs:560:35\ndownloadAsBytes@resource://services-settings/Attachments.sys.mjs:537:35\n","nativeSavedFrame":{}},"formattedStack":"fetch/<@resource://services-settings/Utils.sys.mjs:272:15\nfetch@resource://services-settings/Utils.sys.mjs:223:12\n_fetchAttachment@resource://services-settings/Attachments.sys.mjs:560:35\ndownloadAsBytes@resource://services-settings/Attachments.sys.mjs:537:35\n","nativeSavedFrame":{}},"formattedStack":"open@resource://gre/modules/ServiceRequest.sys.mjs:126:11\nfetch/<@resource://services-settings/Utils.sys.mjs:272:15\nfetch@resource://services-settings/Utils.sys.mjs:223:12\n_fetchAttachment@resource://services-settings/Attachments.sys.mjs:560:35\ndownloadAsBytes@resource://services-settings/Attachments.sys.mjs:537:35\n","nativeSavedFrame":{}}
    - message = 
    - name = 
    - result = 2152071198
    - stack = open@resource://gre/modules/ServiceRequest.sys.mjs:126:11|fetch/<@resource://services-settings/Utils.sys.mjs:272:15|fetch@resource://services-settings/Utils.sys.mjs:223:12|_fetchAttachment@resource://services-settings/Attachments.sys.mjs:560:35|downloadAsBytes@resource://services-settings/Attachments.sys.mjs:537:35|
  - prototype Object
console.error: RemoteSecuritySettings: 
  failed to download CRLite filter
Object
  - prototype Object
    - columnNumber = 0
    - data = null
    - filename = resource://gre/modules/ServiceRequest.sys.mjs
    - lineNumber = 126
    - location = {"name":"open","filename":"resource://gre/modules/ServiceRequest.sys.mjs","sourceId":25,"lineNumber":126,"columnNumber":11,"asyncCause":null,"asyncCaller":null,"caller":{"filename":"resource://services-settings/Utils.sys.mjs","name":"fetch/<","sourceId":24,"lineNumber":272,"columnNumber":15,"asyncCause":null,"asyncCaller":null,"caller":{"filename":"resource://services-settings/Utils.sys.mjs","name":"fetch","sourceId":24,"lineNumber":223,"columnNumber":12,"asyncCause":null,"asyncCaller":null,"caller":{"filename":"resource://services-settings/Attachments.sys.mjs","name":"_fetchAttachment","sourceId":23,"lineNumber":560,"columnNumber":35,"asyncCause":null,"asyncCaller":null,"caller":{"filename":"resource://services-settings/Attachments.sys.mjs","name":"downloadAsBytes","sourceId":23,"lineNumber":537,"columnNumber":35,"asyncCause":null,"asyncCaller":null,"caller":null,"formattedStack":"downloadAsBytes@resource://services-settings/Attachments.sys.mjs:537:35\n","nativeSavedFrame":{}},"formattedStack":"_fetchAttachment@resource://services-settings/Attachments.sys.mjs:560:35\ndownloadAsBytes@resource://services-settings/Attachments.sys.mjs:537:35\n","nativeSavedFrame":{}},"formattedStack":"fetch@resource://services-settings/Utils.sys.mjs:223:12\n_fetchAttachment@resource://services-settings/Attachments.sys.mjs:560:35\ndownloadAsBytes@resource://services-settings/Attachments.sys.mjs:537:35\n","nativeSavedFrame":{}},"formattedStack":"fetch/<@resource://services-settings/Utils.sys.mjs:272:15\nfetch@resource://services-settings/Utils.sys.mjs:223:12\n_fetchAttachment@resource://services-settings/Attachments.sys.mjs:560:35\ndownloadAsBytes@resource://services-settings/Attachments.sys.mjs:537:35\n","nativeSavedFrame":{}},"formattedStack":"open@resource://gre/modules/ServiceRequest.sys.mjs:126:11\nfetch/<@resource://services-settings/Utils.sys.mjs:272:15\nfetch@resource://services-settings/Utils.sys.mjs:223:12\n_fetchAttachment@resource://services-settings/Attachments.sys.mjs:560:35\ndownloadAsBytes@resource://services-settings/Attachments.sys.mjs:537:35\n","nativeSavedFrame":{}}
    - message = 
    - name = 
    - result = 2152071198
    - stack = open@resource://gre/modules/ServiceRequest.sys.mjs:126:11|fetch/<@resource://services-settings/Utils.sys.mjs:272:15|fetch@resource://services-settings/Utils.sys.mjs:223:12|_fetchAttachment@resource://services-settings/Attachments.sys.mjs:560:35|downloadAsBytes@resource://services-settings/Attachments.sys.mjs:537:35|
  - prototype Object
console.error: RemoteSecuritySettings: 
  failed to download CRLite filter
Object
  - prototype Object
    - columnNumber = 0
    - data = null
    - filename = resource://gre/modules/ServiceRequest.sys.mjs
    - lineNumber = 126
    - location = {"name":"open","filename":"resource://gre/modules/ServiceRequest.sys.mjs","sourceId":25,"lineNumber":126,"columnNumber":11,"asyncCause":null,"asyncCaller":null,"caller":{"filename":"resource://services-settings/Utils.sys.mjs","name":"fetch/<","sourceId":24,"lineNumber":272,"columnNumber":15,"asyncCause":null,"asyncCaller":null,"caller":{"filename":"resource://services-settings/Utils.sys.mjs","name":"fetch","sourceId":24,"lineNumber":223,"columnNumber":12,"asyncCause":null,"asyncCaller":null,"caller":{"filename":"resource://services-settings/Attachments.sys.mjs","name":"_fetchAttachment","sourceId":23,"lineNumber":560,"columnNumber":35,"asyncCause":null,"asyncCaller":null,"caller":{"filename":"resource://services-settings/Attachments.sys.mjs","name":"downloadAsBytes","sourceId":23,"lineNumber":537,"columnNumber":35,"asyncCause":null,"asyncCaller":null,"caller":null,"formattedStack":"downloadAsBytes@resource://services-settings/Attachments.sys.mjs:537:35\n","nativeSavedFrame":{}},"formattedStack":"_fetchAttachment@resource://services-settings/Attachments.sys.mjs:560:35\ndownloadAsBytes@resource://services-settings/Attachments.sys.mjs:537:35\n","nativeSavedFrame":{}},"formattedStack":"fetch@resource://services-settings/Utils.sys.mjs:223:12\n_fetchAttachment@resource://services-settings/Attachments.sys.mjs:560:35\ndownloadAsBytes@resource://services-settings/Attachments.sys.mjs:537:35\n","nativeSavedFrame":{}},"formattedStack":"fetch/<@resource://services-settings/Utils.sys.mjs:272:15\nfetch@resource://services-settings/Utils.sys.mjs:223:12\n_fetchAttachment@resource://services-settings/Attachments.sys.mjs:560:35\ndownloadAsBytes@resource://services-settings/Attachments.sys.mjs:537:35\n","nativeSavedFrame":{}},"formattedStack":"open@resource://gre/modules/ServiceRequest.sys.mjs:126:11\nfetch/<@resource://services-settings/Utils.sys.mjs:272:15\nfetch@resource://services-settings/Utils.sys.mjs:223:12\n_fetchAttachment@resource://services-settings/Attachments.sys.mjs:560:35\ndownloadAsBytes@resource://services-settings/Attachments.sys.mjs:537:35\n","nativeSavedFrame":{}}
    - message = 
    - name = 
    - result = 2152071198
    - stack = open@resource://gre/modules/ServiceRequest.sys.mjs:126:11|fetch/<@resource://services-settings/Utils.sys.mjs:272:15|fetch@resource://services-settings/Utils.sys.mjs:223:12|_fetchAttachment@resource://services-settings/Attachments.sys.mjs:560:35|downloadAsBytes@resource://services-settings/Attachments.sys.mjs:537:35|
  - prototype Object
console.error: RemoteSecuritySettings: 
  failed to download CRLite filter
Object
  - prototype Object
    - columnNumber = 0
    - data = null
    - filename = resource://gre/modules/ServiceRequest.sys.mjs
    - lineNumber = 126
    - location = {"name":"open","filename":"resource://gre/modules/ServiceRequest.sys.mjs","sourceId":25,"lineNumber":126,"columnNumber":11,"asyncCause":null,"asyncCaller":null,"caller":{"filename":"resource://services-settings/Utils.sys.mjs","name":"fetch/<","sourceId":24,"lineNumber":272,"columnNumber":15,"asyncCause":null,"asyncCaller":null,"caller":{"filename":"resource://services-settings/Utils.sys.mjs","name":"fetch","sourceId":24,"lineNumber":223,"columnNumber":12,"asyncCause":null,"asyncCaller":null,"caller":{"filename":"resource://services-settings/Attachments.sys.mjs","name":"_fetchAttachment","sourceId":23,"lineNumber":560,"columnNumber":35,"asyncCause":null,"asyncCaller":null,"caller":{"filename":"resource://services-settings/Attachments.sys.mjs","name":"downloadAsBytes","sourceId":23,"lineNumber":537,"columnNumber":35,"asyncCause":null,"asyncCaller":null,"caller":null,"formattedStack":"downloadAsBytes@resource://services-settings/Attachments.sys.mjs:537:35\n","nativeSavedFrame":{}},"formattedStack":"_fetchAttachment@resource://services-settings/Attachments.sys.mjs:560:35\ndownloadAsBytes@resource://services-settings/Attachments.sys.mjs:537:35\n","nativeSavedFrame":{}},"formattedStack":"fetch@resource://services-settings/Utils.sys.mjs:223:12\n_fetchAttachment@resource://services-settings/Attachments.sys.mjs:560:35\ndownloadAsBytes@resource://services-settings/Attachments.sys.mjs:537:35\n","nativeSavedFrame":{}},"formattedStack":"fetch/<@resource://services-settings/Utils.sys.mjs:272:15\nfetch@resource://services-settings/Utils.sys.mjs:223:12\n_fetchAttachment@resource://services-settings/Attachments.sys.mjs:560:35\ndownloadAsBytes@resource://services-settings/Attachments.sys.mjs:537:35\n","nativeSavedFrame":{}},"formattedStack":"open@resource://gre/modules/ServiceRequest.sys.mjs:126:11\nfetch/<@resource://services-settings/Utils.sys.mjs:272:15\nfetch@resource://services-settings/Utils.sys.mjs:223:12\n_fetchAttachment@resource://services-settings/Attachments.sys.mjs:560:35\ndownloadAsBytes@resource://services-settings/Attachments.sys.mjs:537:35\n","nativeSavedFrame":{}}
    - message = 
    - name = 
    - result = 2152071198
    - stack = open@resource://gre/modules/ServiceRequest.sys.mjs:126:11|fetch/<@resource://services-settings/Utils.sys.mjs:272:15|fetch@resource://services-settings/Utils.sys.mjs:223:12|_fetchAttachment@resource://services-settings/Attachments.sys.mjs:560:35|downloadAsBytes@resource://services-settings/Attachments.sys.mjs:537:35|
  - prototype Object
console.error: RemoteSecuritySettings: 
  failed to download CRLite filter
Object
  - prototype Object
    - columnNumber = 0
    - data = null
    - filename = resource://gre/modules/ServiceRequest.sys.mjs
    - lineNumber = 126
    - location = {"name":"open","filename":"resource://gre/modules/ServiceRequest.sys.mjs","sourceId":25,"lineNumber":126,"columnNumber":11,"asyncCause":null,"asyncCaller":null,"caller":{"filename":"resource://services-settings/Utils.sys.mjs","name":"fetch/<","sourceId":24,"lineNumber":272,"columnNumber":15,"asyncCause":null,"asyncCaller":null,"caller":{"filename":"resource://services-settings/Utils.sys.mjs","name":"fetch","sourceId":24,"lineNumber":223,"columnNumber":12,"asyncCause":null,"asyncCaller":null,"caller":{"filename":"resource://services-settings/Attachments.sys.mjs","name":"_fetchAttachment","sourceId":23,"lineNumber":560,"columnNumber":35,"asyncCause":null,"asyncCaller":null,"caller":{"filename":"resource://services-settings/Attachments.sys.mjs","name":"downloadAsBytes","sourceId":23,"lineNumber":537,"columnNumber":35,"asyncCause":null,"asyncCaller":null,"caller":null,"formattedStack":"downloadAsBytes@resource://services-settings/Attachments.sys.mjs:537:35\n","nativeSavedFrame":{}},"formattedStack":"_fetchAttachment@resource://services-settings/Attachments.sys.mjs:560:35\ndownloadAsBytes@resource://services-settings/Attachments.sys.mjs:537:35\n","nativeSavedFrame":{}},"formattedStack":"fetch@resource://services-settings/Utils.sys.mjs:223:12\n_fetchAttachment@resource://services-settings/Attachments.sys.mjs:560:35\ndownloadAsBytes@resource://services-settings/Attachments.sys.mjs:537:35\n","nativeSavedFrame":{}},"formattedStack":"fetch/<@resource://services-settings/Utils.sys.mjs:272:15\nfetch@resource://services-settings/Utils.sys.mjs:223:12\n_fetchAttachment@resource://services-settings/Attachments.sys.mjs:560:35\ndownloadAsBytes@resource://services-settings/Attachments.sys.mjs:537:35\n","nativeSavedFrame":{}},"formattedStack":"open@resource://gre/modules/ServiceRequest.sys.mjs:126:11\nfetch/<@resource://services-settings/Utils.sys.mjs:272:15\nfetch@resource://services-settings/Utils.sys.mjs:223:12\n_fetchAttachment@resource://services-settings/Attachments.sys.mjs:560:35\ndownloadAsBytes@resource://services-settings/Attachments.sys.mjs:537:35\n","nativeSavedFrame":{}}
    - message = 
    - name = 
    - result = 2152071198
    - stack = open@resource://gre/modules/ServiceRequest.sys.mjs:126:11|fetch/<@resource://services-settings/Utils.sys.mjs:272:15|fetch@resource://services-settings/Utils.sys.mjs:223:12|_fetchAttachment@resource://services-settings/Attachments.sys.mjs:560:35|downloadAsBytes@resource://services-settings/Attachments.sys.mjs:537:35|
  - prototype Object
console.error: RemoteSecuritySettings: 
  failed to download CRLite filter
Object
  - prototype Object
    - columnNumber = 0
    - data = null
    - filename = resource://gre/modules/ServiceRequest.sys.mjs
    - lineNumber = 126
    - location = {"name":"open","filename":"resource://gre/modules/ServiceRequest.sys.mjs","sourceId":25,"lineNumber":126,"columnNumber":11,"asyncCause":null,"asyncCaller":null,"caller":{"filename":"resource://services-settings/Utils.sys.mjs","name":"fetch/<","sourceId":24,"lineNumber":272,"columnNumber":15,"asyncCause":null,"asyncCaller":null,"caller":{"filename":"resource://services-settings/Utils.sys.mjs","name":"fetch","sourceId":24,"lineNumber":223,"columnNumber":12,"asyncCause":null,"asyncCaller":null,"caller":{"filename":"resource://services-settings/Attachments.sys.mjs","name":"_fetchAttachment","sourceId":23,"lineNumber":560,"columnNumber":35,"asyncCause":null,"asyncCaller":null,"caller":{"filename":"resource://services-settings/Attachments.sys.mjs","name":"downloadAsBytes","sourceId":23,"lineNumber":537,"columnNumber":35,"asyncCause":null,"asyncCaller":null,"caller":null,"formattedStack":"downloadAsBytes@resource://services-settings/Attachments.sys.mjs:537:35\n","nativeSavedFrame":{}},"formattedStack":"_fetchAttachment@resource://services-settings/Attachments.sys.mjs:560:35\ndownloadAsBytes@resource://services-settings/Attachments.sys.mjs:537:35\n","nativeSavedFrame":{}},"formattedStack":"fetch@resource://services-settings/Utils.sys.mjs:223:12\n_fetchAttachment@resource://services-settings/Attachments.sys.mjs:560:35\ndownloadAsBytes@resource://services-settings/Attachments.sys.mjs:537:35\n","nativeSavedFrame":{}},"formattedStack":"fetch/<@resource://services-settings/Utils.sys.mjs:272:15\nfetch@resource://services-settings/Utils.sys.mjs:223:12\n_fetchAttachment@resource://services-settings/Attachments.sys.mjs:560:35\ndownloadAsBytes@resource://services-settings/Attachments.sys.mjs:537:35\n","nativeSavedFrame":{}},"formattedStack":"open@resource://gre/modules/ServiceRequest.sys.mjs:126:11\nfetch/<@resource://services-settings/Utils.sys.mjs:272:15\nfetch@resource://services-settings/Utils.sys.mjs:223:12\n_fetchAttachment@resource://services-settings/Attachments.sys.mjs:560:35\ndownloadAsBytes@resource://services-settings/Attachments.sys.mjs:537:35\n","nativeSavedFrame":{}}
    - message = 
    - name = 
    - result = 2152071198
    - stack = open@resource://gre/modules/ServiceRequest.sys.mjs:126:11|fetch/<@resource://services-settings/Utils.sys.mjs:272:15|fetch@resource://services-settings/Utils.sys.mjs:223:12|_fetchAttachment@resource://services-settings/Attachments.sys.mjs:560:35|downloadAsBytes@resource://services-settings/Attachments.sys.mjs:537:35|
  - prototype Object
console.error: RemoteSecuritySettings: 
  failed to download CRLite filter
Object
  - prototype Object
    - columnNumber = 0
    - data = null
    - filename = resource://gre/modules/ServiceRequest.sys.mjs
    - lineNumber = 126
    - location = {"name":"open","filename":"resource://gre/modules/ServiceRequest.sys.mjs","sourceId":25,"lineNumber":126,"columnNumber":11,"asyncCause":null,"asyncCaller":null,"caller":{"filename":"resource://services-settings/Utils.sys.mjs","name":"fetch/<","sourceId":24,"lineNumber":272,"columnNumber":15,"asyncCause":null,"asyncCaller":null,"caller":{"filename":"resource://services-settings/Utils.sys.mjs","name":"fetch","sourceId":24,"lineNumber":223,"columnNumber":12,"asyncCause":null,"asyncCaller":null,"caller":{"filename":"resource://services-settings/Attachments.sys.mjs","name":"_fetchAttachment","sourceId":23,"lineNumber":560,"columnNumber":35,"asyncCause":null,"asyncCaller":null,"caller":{"filename":"resource://services-settings/Attachments.sys.mjs","name":"downloadAsBytes","sourceId":23,"lineNumber":537,"columnNumber":35,"asyncCause":null,"asyncCaller":null,"caller":null,"formattedStack":"downloadAsBytes@resource://services-settings/Attachments.sys.mjs:537:35\n","nativeSavedFrame":{}},"formattedStack":"_fetchAttachment@resource://services-settings/Attachments.sys.mjs:560:35\ndownloadAsBytes@resource://services-settings/Attachments.sys.mjs:537:35\n","nativeSavedFrame":{}},"formattedStack":"fetch@resource://services-settings/Utils.sys.mjs:223:12\n_fetchAttachment@resource://services-settings/Attachments.sys.mjs:560:35\ndownloadAsBytes@resource://services-settings/Attachments.sys.mjs:537:35\n","nativeSavedFrame":{}},"formattedStack":"fetch/<@resource://services-settings/Utils.sys.mjs:272:15\nfetch@resource://services-settings/Utils.sys.mjs:223:12\n_fetchAttachment@resource://services-settings/Attachments.sys.mjs:560:35\ndownloadAsBytes@resource://services-settings/Attachments.sys.mjs:537:35\n","nativeSavedFrame":{}},"formattedStack":"open@resource://gre/modules/ServiceRequest.sys.mjs:126:11\nfetch/<@resource://services-settings/Utils.sys.mjs:272:15\nfetch@resource://services-settings/Utils.sys.mjs:223:12\n_fetchAttachment@resource://services-settings/Attachments.sys.mjs:560:35\ndownloadAsBytes@resource://services-settings/Attachments.sys.mjs:537:35\n","nativeSavedFrame":{}}
    - message = 
    - name = 
    - result = 2152071198
    - stack = open@resource://gre/modules/ServiceRequest.sys.mjs:126:11|fetch/<@resource://services-settings/Utils.sys.mjs:272:15|fetch@resource://services-settings/Utils.sys.mjs:223:12|_fetchAttachment@resource://services-settings/Attachments.sys.mjs:560:35|downloadAsBytes@resource://services-settings/Attachments.sys.mjs:537:35|
  - prototype Object
console.error: RemoteSecuritySettings: 
  failed to download CRLite filter
Object
  - prototype Object
    - columnNumber = 0
    - data = null
    - filename = resource://gre/modules/ServiceRequest.sys.mjs
    - lineNumber = 126
    - location = {"name":"open","filename":"resource://gre/modules/ServiceRequest.sys.mjs","sourceId":25,"lineNumber":126,"columnNumber":11,"asyncCause":null,"asyncCaller":null,"caller":{"filename":"resource://services-settings/Utils.sys.mjs","name":"fetch/<","sourceId":24,"lineNumber":272,"columnNumber":15,"asyncCause":null,"asyncCaller":null,"caller":{"filename":"resource://services-settings/Utils.sys.mjs","name":"fetch","sourceId":24,"lineNumber":223,"columnNumber":12,"asyncCause":null,"asyncCaller":null,"caller":{"filename":"resource://services-settings/Attachments.sys.mjs","name":"_fetchAttachment","sourceId":23,"lineNumber":560,"columnNumber":35,"asyncCause":null,"asyncCaller":null,"caller":{"filename":"resource://services-settings/Attachments.sys.mjs","name":"downloadAsBytes","sourceId":23,"lineNumber":537,"columnNumber":35,"asyncCause":null,"asyncCaller":null,"caller":null,"formattedStack":"downloadAsBytes@resource://services-settings/Attachments.sys.mjs:537:35\n","nativeSavedFrame":{}},"formattedStack":"_fetchAttachment@resource://services-settings/Attachments.sys.mjs:560:35\ndownloadAsBytes@resource://services-settings/Attachments.sys.mjs:537:35\n","nativeSavedFrame":{}},"formattedStack":"fetch@resource://services-settings/Utils.sys.mjs:223:12\n_fetchAttachment@resource://services-settings/Attachments.sys.mjs:560:35\ndownloadAsBytes@resource://services-settings/Attachments.sys.mjs:537:35\n","nativeSavedFrame":{}},"formattedStack":"fetch/<@resource://services-settings/Utils.sys.mjs:272:15\nfetch@resource://services-settings/Utils.sys.mjs:223:12\n_fetchAttachment@resource://services-settings/Attachments.sys.mjs:560:35\ndownloadAsBytes@resource://services-settings/Attachments.sys.mjs:537:35\n","nativeSavedFrame":{}},"formattedStack":"open@resource://gre/modules/ServiceRequest.sys.mjs:126:11\nfetch/<@resource://services-settings/Utils.sys.mjs:272:15\nfetch@resource://services-settings/Utils.sys.mjs:223:12\n_fetchAttachment@resource://services-settings/Attachments.sys.mjs:560:35\ndownloadAsBytes@resource://services-settings/Attachments.sys.mjs:537:35\n","nativeSavedFrame":{}}
    - message = 
    - name = 
    - result = 2152071198
    - stack = open@resource://gre/modules/ServiceRequest.sys.mjs:126:11|fetch/<@resource://services-settings/Utils.sys.mjs:272:15|fetch@resource://services-settings/Utils.sys.mjs:223:12|_fetchAttachment@resource://services-settings/Attachments.sys.mjs:560:35|downloadAsBytes@resource://services-settings/Attachments.sys.mjs:537:35|
  - prototype Object
console.error: RemoteSecuritySettings: 
  failed to download CRLite filter
Object
  - prototype Object
    - columnNumber = 0
    - data = null
    - filename = resource://gre/modules/ServiceRequest.sys.mjs
    - lineNumber = 126
    - location = {"name":"open","filename":"resource://gre/modules/ServiceRequest.sys.mjs","sourceId":25,"lineNumber":126,"columnNumber":11,"asyncCause":null,"asyncCaller":null,"caller":{"filename":"resource://services-settings/Utils.sys.mjs","name":"fetch/<","sourceId":24,"lineNumber":272,"columnNumber":15,"asyncCause":null,"asyncCaller":null,"caller":{"filename":"resource://services-settings/Utils.sys.mjs","name":"fetch","sourceId":24,"lineNumber":223,"columnNumber":12,"asyncCause":null,"asyncCaller":null,"caller":{"filename":"resource://services-settings/Attachments.sys.mjs","name":"_fetchAttachment","sourceId":23,"lineNumber":560,"columnNumber":35,"asyncCause":null,"asyncCaller":null,"caller":{"filename":"resource://services-settings/Attachments.sys.mjs","name":"downloadAsBytes","sourceId":23,"lineNumber":537,"columnNumber":35,"asyncCause":null,"asyncCaller":null,"caller":null,"formattedStack":"downloadAsBytes@resource://services-settings/Attachments.sys.mjs:537:35\n","nativeSavedFrame":{}},"formattedStack":"_fetchAttachment@resource://services-settings/Attachments.sys.mjs:560:35\ndownloadAsBytes@resource://services-settings/Attachments.sys.mjs:537:35\n","nativeSavedFrame":{}},"formattedStack":"fetch@resource://services-settings/Utils.sys.mjs:223:12\n_fetchAttachment@resource://services-settings/Attachments.sys.mjs:560:35\ndownloadAsBytes@resource://services-settings/Attachments.sys.mjs:537:35\n","nativeSavedFrame":{}},"formattedStack":"fetch/<@resource://services-settings/Utils.sys.mjs:272:15\nfetch@resource://services-settings/Utils.sys.mjs:223:12\n_fetchAttachment@resource://services-settings/Attachments.sys.mjs:560:35\ndownloadAsBytes@resource://services-settings/Attachments.sys.mjs:537:35\n","nativeSavedFrame":{}},"formattedStack":"open@resource://gre/modules/ServiceRequest.sys.mjs:126:11\nfetch/<@resource://services-settings/Utils.sys.mjs:272:15\nfetch@resource://services-settings/Utils.sys.mjs:223:12\n_fetchAttachment@resource://services-settings/Attachments.sys.mjs:560:35\ndownloadAsBytes@resource://services-settings/Attachments.sys.mjs:537:35\n","nativeSavedFrame":{}}
    - message = 
    - name = 
    - result = 2152071198
    - stack = open@resource://gre/modules/ServiceRequest.sys.mjs:126:11|fetch/<@resource://services-settings/Utils.sys.mjs:272:15|fetch@resource://services-settings/Utils.sys.mjs:223:12|_fetchAttachment@resource://services-settings/Attachments.sys.mjs:560:35|downloadAsBytes@resource://services-settings/Attachments.sys.mjs:537:35|
  - prototype Object
console.error: RemoteSecuritySettings: 
  failed to download CRLite filter
Object
  - prototype Object
    - columnNumber = 0
    - data = null
    - filename = resource://gre/modules/ServiceRequest.sys.mjs
    - lineNumber = 126
    - location = {"name":"open","filename":"resource://gre/modules/ServiceRequest.sys.mjs","sourceId":25,"lineNumber":126,"columnNumber":11,"asyncCause":null,"asyncCaller":null,"caller":{"filename":"resource://services-settings/Utils.sys.mjs","name":"fetch/<","sourceId":24,"lineNumber":272,"columnNumber":15,"asyncCause":null,"asyncCaller":null,"caller":{"filename":"resource://services-settings/Utils.sys.mjs","name":"fetch","sourceId":24,"lineNumber":223,"columnNumber":12,"asyncCause":null,"asyncCaller":null,"caller":{"filename":"resource://services-settings/Attachments.sys.mjs","name":"_fetchAttachment","sourceId":23,"lineNumber":560,"columnNumber":35,"asyncCause":null,"asyncCaller":null,"caller":{"filename":"resource://services-settings/Attachments.sys.mjs","name":"downloadAsBytes","sourceId":23,"lineNumber":537,"columnNumber":35,"asyncCause":null,"asyncCaller":null,"caller":null,"formattedStack":"downloadAsBytes@resource://services-settings/Attachments.sys.mjs:537:35\n","nativeSavedFrame":{}},"formattedStack":"_fetchAttachment@resource://services-settings/Attachments.sys.mjs:560:35\ndownloadAsBytes@resource://services-settings/Attachments.sys.mjs:537:35\n","nativeSavedFrame":{}},"formattedStack":"fetch@resource://services-settings/Utils.sys.mjs:223:12\n_fetchAttachment@resource://services-settings/Attachments.sys.mjs:560:35\ndownloadAsBytes@resource://services-settings/Attachments.sys.mjs:537:35\n","nativeSavedFrame":{}},"formattedStack":"fetch/<@resource://services-settings/Utils.sys.mjs:272:15\nfetch@resource://services-settings/Utils.sys.mjs:223:12\n_fetchAttachment@resource://services-settings/Attachments.sys.mjs:560:35\ndownloadAsBytes@resource://services-settings/Attachments.sys.mjs:537:35\n","nativeSavedFrame":{}},"formattedStack":"open@resource://gre/modules/ServiceRequest.sys.mjs:126:11\nfetch/<@resource://services-settings/Utils.sys.mjs:272:15\nfetch@resource://services-settings/Utils.sys.mjs:223:12\n_fetchAttachment@resource://services-settings/Attachments.sys.mjs:560:35\ndownloadAsBytes@resource://services-settings/Attachments.sys.mjs:537:35\n","nativeSavedFrame":{}}
    - message = 
    - name = 
    - result = 2152071198
    - stack = open@resource://gre/modules/ServiceRequest.sys.mjs:126:11|fetch/<@resource://services-settings/Utils.sys.mjs:272:15|fetch@resource://services-settings/Utils.sys.mjs:223:12|_fetchAttachment@resource://services-settings/Attachments.sys.mjs:560:35|downloadAsBytes@resource://services-settings/Attachments.sys.mjs:537:35|
  - prototype Object
console.error: RemoteSecuritySettings: 
  failed to download CRLite filter
Object
  - prototype Object
    - columnNumber = 0
    - data = null
    - filename = resource://gre/modules/ServiceRequest.sys.mjs
    - lineNumber = 126
    - location = {"name":"open","filename":"resource://gre/modules/ServiceRequest.sys.mjs","sourceId":25,"lineNumber":126,"columnNumber":11,"asyncCause":null,"asyncCaller":null,"caller":{"filename":"resource://services-settings/Utils.sys.mjs","name":"fetch/<","sourceId":24,"lineNumber":272,"columnNumber":15,"asyncCause":null,"asyncCaller":null,"caller":{"filename":"resource://services-settings/Utils.sys.mjs","name":"fetch","sourceId":24,"lineNumber":223,"columnNumber":12,"asyncCause":null,"asyncCaller":null,"caller":{"filename":"resource://services-settings/Attachments.sys.mjs","name":"_fetchAttachment","sourceId":23,"lineNumber":560,"columnNumber":35,"asyncCause":null,"asyncCaller":null,"caller":{"filename":"resource://services-settings/Attachments.sys.mjs","name":"downloadAsBytes","sourceId":23,"lineNumber":537,"columnNumber":35,"asyncCause":null,"asyncCaller":null,"caller":null,"formattedStack":"downloadAsBytes@resource://services-settings/Attachments.sys.mjs:537:35\n","nativeSavedFrame":{}},"formattedStack":"_fetchAttachment@resource://services-settings/Attachments.sys.mjs:560:35\ndownloadAsBytes@resource://services-settings/Attachments.sys.mjs:537:35\n","nativeSavedFrame":{}},"formattedStack":"fetch@resource://services-settings/Utils.sys.mjs:223:12\n_fetchAttachment@resource://services-settings/Attachments.sys.mjs:560:35\ndownloadAsBytes@resource://services-settings/Attachments.sys.mjs:537:35\n","nativeSavedFrame":{}},"formattedStack":"fetch/<@resource://services-settings/Utils.sys.mjs:272:15\nfetch@resource://services-settings/Utils.sys.mjs:223:12\n_fetchAttachment@resource://services-settings/Attachments.sys.mjs:560:35\ndownloadAsBytes@resource://services-settings/Attachments.sys.mjs:537:35\n","nativeSavedFrame":{}},"formattedStack":"open@resource://gre/modules/ServiceRequest.sys.mjs:126:11\nfetch/<@resource://services-settings/Utils.sys.mjs:272:15\nfetch@resource://services-settings/Utils.sys.mjs:223:12\n_fetchAttachment@resource://services-settings/Attachments.sys.mjs:560:35\ndownloadAsBytes@resource://services-settings/Attachments.sys.mjs:537:35\n","nativeSavedFrame":{}}
    - message = 
    - name = 
    - result = 2152071198
    - stack = open@resource://gre/modules/ServiceRequest.sys.mjs:126:11|fetch/<@resource://services-settings/Utils.sys.mjs:272:15|fetch@resource://services-settings/Utils.sys.mjs:223:12|_fetchAttachment@resource://services-settings/Attachments.sys.mjs:560:35|downloadAsBytes@resource://services-settings/Attachments.sys.mjs:537:35|
  - prototype Object
console.error: RemoteSecuritySettings: 
  failed to download CRLite filter
Object
  - prototype Object
    - columnNumber = 0
    - data = null
    - filename = resource://gre/modules/ServiceRequest.sys.mjs
    - lineNumber = 126
    - location = {"name":"open","filename":"resource://gre/modules/ServiceRequest.sys.mjs","sourceId":25,"lineNumber":126,"columnNumber":11,"asyncCause":null,"asyncCaller":null,"caller":{"filename":"resource://services-settings/Utils.sys.mjs","name":"fetch/<","sourceId":24,"lineNumber":272,"columnNumber":15,"asyncCause":null,"asyncCaller":null,"caller":{"filename":"resource://services-settings/Utils.sys.mjs","name":"fetch","sourceId":24,"lineNumber":223,"columnNumber":12,"asyncCause":null,"asyncCaller":null,"caller":{"filename":"resource://services-settings/Attachments.sys.mjs","name":"_fetchAttachment","sourceId":23,"lineNumber":560,"columnNumber":35,"asyncCause":null,"asyncCaller":null,"caller":{"filename":"resource://services-settings/Attachments.sys.mjs","name":"downloadAsBytes","sourceId":23,"lineNumber":537,"columnNumber":35,"asyncCause":null,"asyncCaller":null,"caller":null,"formattedStack":"downloadAsBytes@resource://services-settings/Attachments.sys.mjs:537:35\n","nativeSavedFrame":{}},"formattedStack":"_fetchAttachment@resource://services-settings/Attachments.sys.mjs:560:35\ndownloadAsBytes@resource://services-settings/Attachments.sys.mjs:537:35\n","nativeSavedFrame":{}},"formattedStack":"fetch@resource://services-settings/Utils.sys.mjs:223:12\n_fetchAttachment@resource://services-settings/Attachments.sys.mjs:560:35\ndownloadAsBytes@resource://services-settings/Attachments.sys.mjs:537:35\n","nativeSavedFrame":{}},"formattedStack":"fetch/<@resource://services-settings/Utils.sys.mjs:272:15\nfetch@resource://services-settings/Utils.sys.mjs:223:12\n_fetchAttachment@resource://services-settings/Attachments.sys.mjs:560:35\ndownloadAsBytes@resource://services-settings/Attachments.sys.mjs:537:35\n","nativeSavedFrame":{}},"formattedStack":"open@resource://gre/modules/ServiceRequest.sys.mjs:126:11\nfetch/<@resource://services-settings/Utils.sys.mjs:272:15\nfetch@resource://services-settings/Utils.sys.mjs:223:12\n_fetchAttachment@resource://services-settings/Attachments.sys.mjs:560:35\ndownloadAsBytes@resource://services-settings/Attachments.sys.mjs:537:35\n","nativeSavedFrame":{}}
    - message = 
    - name = 
    - result = 2152071198
    - stack = open@resource://gre/modules/ServiceRequest.sys.mjs:126:11|fetch/<@resource://services-settings/Utils.sys.mjs:272:15|fetch@resource://services-settings/Utils.sys.mjs:223:12|_fetchAttachment@resource://services-settings/Attachments.sys.mjs:560:35|downloadAsBytes@resource://services-settings/Attachments.sys.mjs:537:35|
  - prototype Object
console.error: RemoteSecuritySettings: 
  failed to download CRLite filter
Object
  - prototype Object
    - columnNumber = 0
    - data = null
    - filename = resource://gre/modules/ServiceRequest.sys.mjs
    - lineNumber = 126
    - location = {"name":"open","filename":"resource://gre/modules/ServiceRequest.sys.mjs","sourceId":25,"lineNumber":126,"columnNumber":11,"asyncCause":null,"asyncCaller":null,"caller":{"filename":"resource://services-settings/Utils.sys.mjs","name":"fetch/<","sourceId":24,"lineNumber":272,"columnNumber":15,"asyncCause":null,"asyncCaller":null,"caller":{"filename":"resource://services-settings/Utils.sys.mjs","name":"fetch","sourceId":24,"lineNumber":223,"columnNumber":12,"asyncCause":null,"asyncCaller":null,"caller":{"filename":"resource://services-settings/Attachments.sys.mjs","name":"_fetchAttachment","sourceId":23,"lineNumber":560,"columnNumber":35,"asyncCause":null,"asyncCaller":null,"caller":{"filename":"resource://services-settings/Attachments.sys.mjs","name":"downloadAsBytes","sourceId":23,"lineNumber":537,"columnNumber":35,"asyncCause":null,"asyncCaller":null,"caller":null,"formattedStack":"downloadAsBytes@resource://services-settings/Attachments.sys.mjs:537:35\n","nativeSavedFrame":{}},"formattedStack":"_fetchAttachment@resource://services-settings/Attachments.sys.mjs:560:35\ndownloadAsBytes@resource://services-settings/Attachments.sys.mjs:537:35\n","nativeSavedFrame":{}},"formattedStack":"fetch@resource://services-settings/Utils.sys.mjs:223:12\n_fetchAttachment@resource://services-settings/Attachments.sys.mjs:560:35\ndownloadAsBytes@resource://services-settings/Attachments.sys.mjs:537:35\n","nativeSavedFrame":{}},"formattedStack":"fetch/<@resource://services-settings/Utils.sys.mjs:272:15\nfetch@resource://services-settings/Utils.sys.mjs:223:12\n_fetchAttachment@resource://services-settings/Attachments.sys.mjs:560:35\ndownloadAsBytes@resource://services-settings/Attachments.sys.mjs:537:35\n","nativeSavedFrame":{}},"formattedStack":"open@resource://gre/modules/ServiceRequest.sys.mjs:126:11\nfetch/<@resource://services-settings/Utils.sys.mjs:272:15\nfetch@resource://services-settings/Utils.sys.mjs:223:12\n_fetchAttachment@resource://services-settings/Attachments.sys.mjs:560:35\ndownloadAsBytes@resource://services-settings/Attachments.sys.mjs:537:35\n","nativeSavedFrame":{}}
    - message = 
    - name = 
    - result = 2152071198
    - stack = open@resource://gre/modules/ServiceRequest.sys.mjs:126:11|fetch/<@resource://services-settings/Utils.sys.mjs:272:15|fetch@resource://services-settings/Utils.sys.mjs:223:12|_fetchAttachment@resource://services-settings/Attachments.sys.mjs:560:35|downloadAsBytes@resource://services-settings/Attachments.sys.mjs:537:35|
  - prototype Object
console.error: RemoteSecuritySettings: 
  failed to download CRLite filter
Object
  - prototype Object
    - columnNumber = 0
    - data = null
    - filename = resource://gre/modules/ServiceRequest.sys.mjs
    - lineNumber = 126
    - location = {"name":"open","filename":"resource://gre/modules/ServiceRequest.sys.mjs","sourceId":25,"lineNumber":126,"columnNumber":11,"asyncCause":null,"asyncCaller":null,"caller":{"filename":"resource://services-settings/Utils.sys.mjs","name":"fetch/<","sourceId":24,"lineNumber":272,"columnNumber":15,"asyncCause":null,"asyncCaller":null,"caller":{"filename":"resource://services-settings/Utils.sys.mjs","name":"fetch","sourceId":24,"lineNumber":223,"columnNumber":12,"asyncCause":null,"asyncCaller":null,"caller":{"filename":"resource://services-settings/Attachments.sys.mjs","name":"_fetchAttachment","sourceId":23,"lineNumber":560,"columnNumber":35,"asyncCause":null,"asyncCaller":null,"caller":{"filename":"resource://services-settings/Attachments.sys.mjs","name":"downloadAsBytes","sourceId":23,"lineNumber":537,"columnNumber":35,"asyncCause":null,"asyncCaller":null,"caller":null,"formattedStack":"downloadAsBytes@resource://services-settings/Attachments.sys.mjs:537:35\n","nativeSavedFrame":{}},"formattedStack":"_fetchAttachment@resource://services-settings/Attachments.sys.mjs:560:35\ndownloadAsBytes@resource://services-settings/Attachments.sys.mjs:537:35\n","nativeSavedFrame":{}},"formattedStack":"fetch@resource://services-settings/Utils.sys.mjs:223:12\n_fetchAttachment@resource://services-settings/Attachments.sys.mjs:560:35\ndownloadAsBytes@resource://services-settings/Attachments.sys.mjs:537:35\n","nativeSavedFrame":{}},"formattedStack":"fetch/<@resource://services-settings/Utils.sys.mjs:272:15\nfetch@resource://services-settings/Utils.sys.mjs:223:12\n_fetchAttachment@resource://services-settings/Attachments.sys.mjs:560:35\ndownloadAsBytes@resource://services-settings/Attachments.sys.mjs:537:35\n","nativeSavedFrame":{}},"formattedStack":"open@resource://gre/modules/ServiceRequest.sys.mjs:126:11\nfetch/<@resource://services-settings/Utils.sys.mjs:272:15\nfetch@resource://services-settings/Utils.sys.mjs:223:12\n_fetchAttachment@resource://services-settings/Attachments.sys.mjs:560:35\ndownloadAsBytes@resource://services-settings/Attachments.sys.mjs:537:35\n","nativeSavedFrame":{}}
    - message = 
    - name = 
    - result = 2152071198
    - stack = open@resource://gre/modules/ServiceRequest.sys.mjs:126:11|fetch/<@resource://services-settings/Utils.sys.mjs:272:15|fetch@resource://services-settings/Utils.sys.mjs:223:12|_fetchAttachment@resource://services-settings/Attachments.sys.mjs:560:35|downloadAsBytes@resource://services-settings/Attachments.sys.mjs:537:35|
  - prototype Object
console.error: RemoteSecuritySettings: 
  failed to download CRLite filter
Object
  - prototype Object
    - columnNumber = 0
    - data = null
    - filename = resource://gre/modules/ServiceRequest.sys.mjs
    - lineNumber = 126
    - location = {"name":"open","filename":"resource://gre/modules/ServiceRequest.sys.mjs","sourceId":25,"lineNumber":126,"columnNumber":11,"asyncCause":null,"asyncCaller":null,"caller":{"filename":"resource://services-settings/Utils.sys.mjs","name":"fetch/<","sourceId":24,"lineNumber":272,"columnNumber":15,"asyncCause":null,"asyncCaller":null,"caller":{"filename":"resource://services-settings/Utils.sys.mjs","name":"fetch","sourceId":24,"lineNumber":223,"columnNumber":12,"asyncCause":null,"asyncCaller":null,"caller":{"filename":"resource://services-settings/Attachments.sys.mjs","name":"_fetchAttachment","sourceId":23,"lineNumber":560,"columnNumber":35,"asyncCause":null,"asyncCaller":null,"caller":{"filename":"resource://services-settings/Attachments.sys.mjs","name":"downloadAsBytes","sourceId":23,"lineNumber":537,"columnNumber":35,"asyncCause":null,"asyncCaller":null,"caller":null,"formattedStack":"downloadAsBytes@resource://services-settings/Attachments.sys.mjs:537:35\n","nativeSavedFrame":{}},"formattedStack":"_fetchAttachment@resource://services-settings/Attachments.sys.mjs:560:35\ndownloadAsBytes@resource://services-settings/Attachments.sys.mjs:537:35\n","nativeSavedFrame":{}},"formattedStack":"fetch@resource://services-settings/Utils.sys.mjs:223:12\n_fetchAttachment@resource://services-settings/Attachments.sys.mjs:560:35\ndownloadAsBytes@resource://services-settings/Attachments.sys.mjs:537:35\n","nativeSavedFrame":{}},"formattedStack":"fetch/<@resource://services-settings/Utils.sys.mjs:272:15\nfetch@resource://services-settings/Utils.sys.mjs:223:12\n_fetchAttachment@resource://services-settings/Attachments.sys.mjs:560:35\ndownloadAsBytes@resource://services-settings/Attachments.sys.mjs:537:35\n","nativeSavedFrame":{}},"formattedStack":"open@resource://gre/modules/ServiceRequest.sys.mjs:126:11\nfetch/<@resource://services-settings/Utils.sys.mjs:272:15\nfetch@resource://services-settings/Utils.sys.mjs:223:12\n_fetchAttachment@resource://services-settings/Attachments.sys.mjs:560:35\ndownloadAsBytes@resource://services-settings/Attachments.sys.mjs:537:35\n","nativeSavedFrame":{}}
    - message = 
    - name = 
    - result = 2152071198
    - stack = open@resource://gre/modules/ServiceRequest.sys.mjs:126:11|fetch/<@resource://services-settings/Utils.sys.mjs:272:15|fetch@resource://services-settings/Utils.sys.mjs:223:12|_fetchAttachment@resource://services-settings/Attachments.sys.mjs:560:35|downloadAsBytes@resource://services-settings/Attachments.sys.mjs:537:35|
  - prototype Object
console.error: RemoteSecuritySettings: 
  failed to download CRLite filter
Object
  - prototype Object
    - columnNumber = 0
    - data = null
    - filename = resource://gre/modules/ServiceRequest.sys.mjs
    - lineNumber = 126
    - location = {"name":"open","filename":"resource://gre/modules/ServiceRequest.sys.mjs","sourceId":25,"lineNumber":126,"columnNumber":11,"asyncCause":null,"asyncCaller":null,"caller":{"filename":"resource://services-settings/Utils.sys.mjs","name":"fetch/<","sourceId":24,"lineNumber":272,"columnNumber":15,"asyncCause":null,"asyncCaller":null,"caller":{"filename":"resource://services-settings/Utils.sys.mjs","name":"fetch","sourceId":24,"lineNumber":223,"columnNumber":12,"asyncCause":null,"asyncCaller":null,"caller":{"filename":"resource://services-settings/Attachments.sys.mjs","name":"_fetchAttachment","sourceId":23,"lineNumber":560,"columnNumber":35,"asyncCause":null,"asyncCaller":null,"caller":{"filename":"resource://services-settings/Attachments.sys.mjs","name":"downloadAsBytes","sourceId":23,"lineNumber":537,"columnNumber":35,"asyncCause":null,"asyncCaller":null,"caller":null,"formattedStack":"downloadAsBytes@resource://services-settings/Attachments.sys.mjs:537:35\n","nativeSavedFrame":{}},"formattedStack":"_fetchAttachment@resource://services-settings/Attachments.sys.mjs:560:35\ndownloadAsBytes@resource://services-settings/Attachments.sys.mjs:537:35\n","nativeSavedFrame":{}},"formattedStack":"fetch@resource://services-settings/Utils.sys.mjs:223:12\n_fetchAttachment@resource://services-settings/Attachments.sys.mjs:560:35\ndownloadAsBytes@resource://services-settings/Attachments.sys.mjs:537:35\n","nativeSavedFrame":{}},"formattedStack":"fetch/<@resource://services-settings/Utils.sys.mjs:272:15\nfetch@resource://services-settings/Utils.sys.mjs:223:12\n_fetchAttachment@resource://services-settings/Attachments.sys.mjs:560:35\ndownloadAsBytes@resource://services-settings/Attachments.sys.mjs:537:35\n","nativeSavedFrame":{}},"formattedStack":"open@resource://gre/modules/ServiceRequest.sys.mjs:126:11\nfetch/<@resource://services-settings/Utils.sys.mjs:272:15\nfetch@resource://services-settings/Utils.sys.mjs:223:12\n_fetchAttachment@resource://services-settings/Attachments.sys.mjs:560:35\ndownloadAsBytes@resource://services-settings/Attachments.sys.mjs:537:35\n","nativeSavedFrame":{}}
    - message = 
    - name = 
    - result = 2152071198
    - stack = open@resource://gre/modules/ServiceRequest.sys.mjs:126:11|fetch/<@resource://services-settings/Utils.sys.mjs:272:15|fetch@resource://services-settings/Utils.sys.mjs:223:12|_fetchAttachment@resource://services-settings/Attachments.sys.mjs:560:35|downloadAsBytes@resource://services-settings/Attachments.sys.mjs:537:35|
  - prototype Object
console.error: RemoteSecuritySettings: 
  failed to download CRLite filter
Object
  - prototype Object
    - columnNumber = 0
    - data = null
    - filename = resource://gre/modules/ServiceRequest.sys.mjs
    - lineNumber = 126
    - location = {"name":"open","filename":"resource://gre/modules/ServiceRequest.sys.mjs","sourceId":25,"lineNumber":126,"columnNumber":11,"asyncCause":null,"asyncCaller":null,"caller":{"filename":"resource://services-settings/Utils.sys.mjs","name":"fetch/<","sourceId":24,"lineNumber":272,"columnNumber":15,"asyncCause":null,"asyncCaller":null,"caller":{"filename":"resource://services-settings/Utils.sys.mjs","name":"fetch","sourceId":24,"lineNumber":223,"columnNumber":12,"asyncCause":null,"asyncCaller":null,"caller":{"filename":"resource://services-settings/Attachments.sys.mjs","name":"_fetchAttachment","sourceId":23,"lineNumber":560,"columnNumber":35,"asyncCause":null,"asyncCaller":null,"caller":{"filename":"resource://services-settings/Attachments.sys.mjs","name":"downloadAsBytes","sourceId":23,"lineNumber":537,"columnNumber":35,"asyncCause":null,"asyncCaller":null,"caller":null,"formattedStack":"downloadAsBytes@resource://services-settings/Attachments.sys.mjs:537:35\n","nativeSavedFrame":{}},"formattedStack":"_fetchAttachment@resource://services-settings/Attachments.sys.mjs:560:35\ndownloadAsBytes@resource://services-settings/Attachments.sys.mjs:537:35\n","nativeSavedFrame":{}},"formattedStack":"fetch@resource://services-settings/Utils.sys.mjs:223:12\n_fetchAttachment@resource://services-settings/Attachments.sys.mjs:560:35\ndownloadAsBytes@resource://services-settings/Attachments.sys.mjs:537:35\n","nativeSavedFrame":{}},"formattedStack":"fetch/<@resource://services-settings/Utils.sys.mjs:272:15\nfetch@resource://services-settings/Utils.sys.mjs:223:12\n_fetchAttachment@resource://services-settings/Attachments.sys.mjs:560:35\ndownloadAsBytes@resource://services-settings/Attachments.sys.mjs:537:35\n","nativeSavedFrame":{}},"formattedStack":"open@resource://gre/modules/ServiceRequest.sys.mjs:126:11\nfetch/<@resource://services-settings/Utils.sys.mjs:272:15\nfetch@resource://services-settings/Utils.sys.mjs:223:12\n_fetchAttachment@resource://services-settings/Attachments.sys.mjs:560:35\ndownloadAsBytes@resource://services-settings/Attachments.sys.mjs:537:35\n","nativeSavedFrame":{}}
    - message = 
    - name = 
    - result = 2152071198
    - stack = open@resource://gre/modules/ServiceRequest.sys.mjs:126:11|fetch/<@resource://services-settings/Utils.sys.mjs:272:15|fetch@resource://services-settings/Utils.sys.mjs:223:12|_fetchAttachment@resource://services-settings/Attachments.sys.mjs:560:35|downloadAsBytes@resource://services-settings/Attachments.sys.mjs:537:35|
  - prototype Object
console.error: RemoteSecuritySettings: 
  failed to download CRLite filter
Object
  - prototype Object
    - columnNumber = 0
    - data = null
    - filename = resource://gre/modules/ServiceRequest.sys.mjs
    - lineNumber = 126
    - location = {"name":"open","filename":"resource://gre/modules/ServiceRequest.sys.mjs","sourceId":25,"lineNumber":126,"columnNumber":11,"asyncCause":null,"asyncCaller":null,"caller":{"filename":"resource://services-settings/Utils.sys.mjs","name":"fetch/<","sourceId":24,"lineNumber":272,"columnNumber":15,"asyncCause":null,"asyncCaller":null,"caller":{"filename":"resource://services-settings/Utils.sys.mjs","name":"fetch","sourceId":24,"lineNumber":223,"columnNumber":12,"asyncCause":null,"asyncCaller":null,"caller":{"filename":"resource://services-settings/Attachments.sys.mjs","name":"_fetchAttachment","sourceId":23,"lineNumber":560,"columnNumber":35,"asyncCause":null,"asyncCaller":null,"caller":{"filename":"resource://services-settings/Attachments.sys.mjs","name":"downloadAsBytes","sourceId":23,"lineNumber":537,"columnNumber":35,"asyncCause":null,"asyncCaller":null,"caller":null,"formattedStack":"downloadAsBytes@resource://services-settings/Attachments.sys.mjs:537:35\n","nativeSavedFrame":{}},"formattedStack":"_fetchAttachment@resource://services-settings/Attachments.sys.mjs:560:35\ndownloadAsBytes@resource://services-settings/Attachments.sys.mjs:537:35\n","nativeSavedFrame":{}},"formattedStack":"fetch@resource://services-settings/Utils.sys.mjs:223:12\n_fetchAttachment@resource://services-settings/Attachments.sys.mjs:560:35\ndownloadAsBytes@resource://services-settings/Attachments.sys.mjs:537:35\n","nativeSavedFrame":{}},"formattedStack":"fetch/<@resource://services-settings/Utils.sys.mjs:272:15\nfetch@resource://services-settings/Utils.sys.mjs:223:12\n_fetchAttachment@resource://services-settings/Attachments.sys.mjs:560:35\ndownloadAsBytes@resource://services-settings/Attachments.sys.mjs:537:35\n","nativeSavedFrame":{}},"formattedStack":"open@resource://gre/modules/ServiceRequest.sys.mjs:126:11\nfetch/<@resource://services-settings/Utils.sys.mjs:272:15\nfetch@resource://services-settings/Utils.sys.mjs:223:12\n_fetchAttachment@resource://services-settings/Attachments.sys.mjs:560:35\ndownloadAsBytes@resource://services-settings/Attachments.sys.mjs:537:35\n","nativeSavedFrame":{}}
    - message = 
    - name = 
    - result = 2152071198
    - stack = open@resource://gre/modules/ServiceRequest.sys.mjs:126:11|fetch/<@resource://services-settings/Utils.sys.mjs:272:15|fetch@resource://services-settings/Utils.sys.mjs:223:12|_fetchAttachment@resource://services-settings/Attachments.sys.mjs:560:35|downloadAsBytes@resource://services-settings/Attachments.sys.mjs:537:35|
  - prototype Object
console.error: RemoteSecuritySettings: 
  failed to download CRLite filter
Object
  - prototype Object
    - columnNumber = 0
    - data = null
    - filename = resource://gre/modules/ServiceRequest.sys.mjs
    - lineNumber = 126
    - location = {"name":"open","filename":"resource://gre/modules/ServiceRequest.sys.mjs","sourceId":25,"lineNumber":126,"columnNumber":11,"asyncCause":null,"asyncCaller":null,"caller":{"filename":"resource://services-settings/Utils.sys.mjs","name":"fetch/<","sourceId":24,"lineNumber":272,"columnNumber":15,"asyncCause":null,"asyncCaller":null,"caller":{"filename":"resource://services-settings/Utils.sys.mjs","name":"fetch","sourceId":24,"lineNumber":223,"columnNumber":12,"asyncCause":null,"asyncCaller":null,"caller":{"filename":"resource://services-settings/Attachments.sys.mjs","name":"_fetchAttachment","sourceId":23,"lineNumber":560,"columnNumber":35,"asyncCause":null,"asyncCaller":null,"caller":{"filename":"resource://services-settings/Attachments.sys.mjs","name":"downloadAsBytes","sourceId":23,"lineNumber":537,"columnNumber":35,"asyncCause":null,"asyncCaller":null,"caller":null,"formattedStack":"downloadAsBytes@resource://services-settings/Attachments.sys.mjs:537:35\n","nativeSavedFrame":{}},"formattedStack":"_fetchAttachment@resource://services-settings/Attachments.sys.mjs:560:35\ndownloadAsBytes@resource://services-settings/Attachments.sys.mjs:537:35\n","nativeSavedFrame":{}},"formattedStack":"fetch@resource://services-settings/Utils.sys.mjs:223:12\n_fetchAttachment@resource://services-settings/Attachments.sys.mjs:560:35\ndownloadAsBytes@resource://services-settings/Attachments.sys.mjs:537:35\n","nativeSavedFrame":{}},"formattedStack":"fetch/<@resource://services-settings/Utils.sys.mjs:272:15\nfetch@resource://services-settings/Utils.sys.mjs:223:12\n_fetchAttachment@resource://services-settings/Attachments.sys.mjs:560:35\ndownloadAsBytes@resource://services-settings/Attachments.sys.mjs:537:35\n","nativeSavedFrame":{}},"formattedStack":"open@resource://gre/modules/ServiceRequest.sys.mjs:126:11\nfetch/<@resource://services-settings/Utils.sys.mjs:272:15\nfetch@resource://services-settings/Utils.sys.mjs:223:12\n_fetchAttachment@resource://services-settings/Attachments.sys.mjs:560:35\ndownloadAsBytes@resource://services-settings/Attachments.sys.mjs:537:35\n","nativeSavedFrame":{}}
    - message = 
    - name = 
    - result = 2152071198
    - stack = open@resource://gre/modules/ServiceRequest.sys.mjs:126:11|fetch/<@resource://services-settings/Utils.sys.mjs:272:15|fetch@resource://services-settings/Utils.sys.mjs:223:12|_fetchAttachment@resource://services-settings/Attachments.sys.mjs:560:35|downloadAsBytes@resource://services-settings/Attachments.sys.mjs:537:35|
  - prototype Object
console.error: RemoteSecuritySettings: 
  failed to download CRLite filter
Object
  - prototype Object
    - columnNumber = 0
    - data = null
    - filename = resource://gre/modules/ServiceRequest.sys.mjs
    - lineNumber = 126
    - location = {"name":"open","filename":"resource://gre/modules/ServiceRequest.sys.mjs","sourceId":25,"lineNumber":126,"columnNumber":11,"asyncCause":null,"asyncCaller":null,"caller":{"filename":"resource://services-settings/Utils.sys.mjs","name":"fetch/<","sourceId":24,"lineNumber":272,"columnNumber":15,"asyncCause":null,"asyncCaller":null,"caller":{"filename":"resource://services-settings/Utils.sys.mjs","name":"fetch","sourceId":24,"lineNumber":223,"columnNumber":12,"asyncCause":null,"asyncCaller":null,"caller":{"filename":"resource://services-settings/Attachments.sys.mjs","name":"_fetchAttachment","sourceId":23,"lineNumber":560,"columnNumber":35,"asyncCause":null,"asyncCaller":null,"caller":{"filename":"resource://services-settings/Attachments.sys.mjs","name":"downloadAsBytes","sourceId":23,"lineNumber":537,"columnNumber":35,"asyncCause":null,"asyncCaller":null,"caller":null,"formattedStack":"downloadAsBytes@resource://services-settings/Attachments.sys.mjs:537:35\n","nativeSavedFrame":{}},"formattedStack":"_fetchAttachment@resource://services-settings/Attachments.sys.mjs:560:35\ndownloadAsBytes@resource://services-settings/Attachments.sys.mjs:537:35\n","nativeSavedFrame":{}},"formattedStack":"fetch@resource://services-settings/Utils.sys.mjs:223:12\n_fetchAttachment@resource://services-settings/Attachments.sys.mjs:560:35\ndownloadAsBytes@resource://services-settings/Attachments.sys.mjs:537:35\n","nativeSavedFrame":{}},"formattedStack":"fetch/<@resource://services-settings/Utils.sys.mjs:272:15\nfetch@resource://services-settings/Utils.sys.mjs:223:12\n_fetchAttachment@resource://services-settings/Attachments.sys.mjs:560:35\ndownloadAsBytes@resource://services-settings/Attachments.sys.mjs:537:35\n","nativeSavedFrame":{}},"formattedStack":"open@resource://gre/modules/ServiceRequest.sys.mjs:126:11\nfetch/<@resource://services-settings/Utils.sys.mjs:272:15\nfetch@resource://services-settings/Utils.sys.mjs:223:12\n_fetchAttachment@resource://services-settings/Attachments.sys.mjs:560:35\ndownloadAsBytes@resource://services-settings/Attachments.sys.mjs:537:35\n","nativeSavedFrame":{}}
    - message = 
    - name = 
    - result = 2152071198
    - stack = open@resource://gre/modules/ServiceRequest.sys.mjs:126:11|fetch/<@resource://services-settings/Utils.sys.mjs:272:15|fetch@resource://services-settings/Utils.sys.mjs:223:12|_fetchAttachment@resource://services-settings/Attachments.sys.mjs:560:35|downloadAsBytes@resource://services-settings/Attachments.sys.mjs:537:35|
  - prototype Object
console.error: RemoteSecuritySettings: 
  failed to download CRLite filter
Object
  - prototype Object
    - columnNumber = 0
    - data = null
    - filename = resource://gre/modules/ServiceRequest.sys.mjs
    - lineNumber = 126
    - location = {"name":"open","filename":"resource://gre/modules/ServiceRequest.sys.mjs","sourceId":25,"lineNumber":126,"columnNumber":11,"asyncCause":null,"asyncCaller":null,"caller":{"filename":"resource://services-settings/Utils.sys.mjs","name":"fetch/<","sourceId":24,"lineNumber":272,"columnNumber":15,"asyncCause":null,"asyncCaller":null,"caller":{"filename":"resource://services-settings/Utils.sys.mjs","name":"fetch","sourceId":24,"lineNumber":223,"columnNumber":12,"asyncCause":null,"asyncCaller":null,"caller":{"filename":"resource://services-settings/Attachments.sys.mjs","name":"_fetchAttachment","sourceId":23,"lineNumber":560,"columnNumber":35,"asyncCause":null,"asyncCaller":null,"caller":{"filename":"resource://services-settings/Attachments.sys.mjs","name":"downloadAsBytes","sourceId":23,"lineNumber":537,"columnNumber":35,"asyncCause":null,"asyncCaller":null,"caller":null,"formattedStack":"downloadAsBytes@resource://services-settings/Attachments.sys.mjs:537:35\n","nativeSavedFrame":{}},"formattedStack":"_fetchAttachment@resource://services-settings/Attachments.sys.mjs:560:35\ndownloadAsBytes@resource://services-settings/Attachments.sys.mjs:537:35\n","nativeSavedFrame":{}},"formattedStack":"fetch@resource://services-settings/Utils.sys.mjs:223:12\n_fetchAttachment@resource://services-settings/Attachments.sys.mjs:560:35\ndownloadAsBytes@resource://services-settings/Attachments.sys.mjs:537:35\n","nativeSavedFrame":{}},"formattedStack":"fetch/<@resource://services-settings/Utils.sys.mjs:272:15\nfetch@resource://services-settings/Utils.sys.mjs:223:12\n_fetchAttachment@resource://services-settings/Attachments.sys.mjs:560:35\ndownloadAsBytes@resource://services-settings/Attachments.sys.mjs:537:35\n","nativeSavedFrame":{}},"formattedStack":"open@resource://gre/modules/ServiceRequest.sys.mjs:126:11\nfetch/<@resource://services-settings/Utils.sys.mjs:272:15\nfetch@resource://services-settings/Utils.sys.mjs:223:12\n_fetchAttachment@resource://services-settings/Attachments.sys.mjs:560:35\ndownloadAsBytes@resource://services-settings/Attachments.sys.mjs:537:35\n","nativeSavedFrame":{}}
    - message = 
    - name = 
    - result = 2152071198
    - stack = open@resource://gre/modules/ServiceRequest.sys.mjs:126:11|fetch/<@resource://services-settings/Utils.sys.mjs:272:15|fetch@resource://services-settings/Utils.sys.mjs:223:12|_fetchAttachment@resource://services-settings/Attachments.sys.mjs:560:35|downloadAsBytes@resource://services-settings/Attachments.sys.mjs:537:35|
  - prototype Object
console.error: RemoteSecuritySettings: 
  failed to download CRLite filter
Object
  - prototype Object
    - columnNumber = 0
    - data = null
    - filename = resource://gre/modules/ServiceRequest.sys.mjs
    - lineNumber = 126
    - location = {"name":"open","filename":"resource://gre/modules/ServiceRequest.sys.mjs","sourceId":25,"lineNumber":126,"columnNumber":11,"asyncCause":null,"asyncCaller":null,"caller":{"filename":"resource://services-settings/Utils.sys.mjs","name":"fetch/<","sourceId":24,"lineNumber":272,"columnNumber":15,"asyncCause":null,"asyncCaller":null,"caller":{"filename":"resource://services-settings/Utils.sys.mjs","name":"fetch","sourceId":24,"lineNumber":223,"columnNumber":12,"asyncCause":null,"asyncCaller":null,"caller":{"filename":"resource://services-settings/Attachments.sys.mjs","name":"_fetchAttachment","sourceId":23,"lineNumber":560,"columnNumber":35,"asyncCause":null,"asyncCaller":null,"caller":{"filename":"resource://services-settings/Attachments.sys.mjs","name":"downloadAsBytes","sourceId":23,"lineNumber":537,"columnNumber":35,"asyncCause":null,"asyncCaller":null,"caller":null,"formattedStack":"downloadAsBytes@resource://services-settings/Attachments.sys.mjs:537:35\n","nativeSavedFrame":{}},"formattedStack":"_fetchAttachment@resource://services-settings/Attachments.sys.mjs:560:35\ndownloadAsBytes@resource://services-settings/Attachments.sys.mjs:537:35\n","nativeSavedFrame":{}},"formattedStack":"fetch@resource://services-settings/Utils.sys.mjs:223:12\n_fetchAttachment@resource://services-settings/Attachments.sys.mjs:560:35\ndownloadAsBytes@resource://services-settings/Attachments.sys.mjs:537:35\n","nativeSavedFrame":{}},"formattedStack":"fetch/<@resource://services-settings/Utils.sys.mjs:272:15\nfetch@resource://services-settings/Utils.sys.mjs:223:12\n_fetchAttachment@resource://services-settings/Attachments.sys.mjs:560:35\ndownloadAsBytes@resource://services-settings/Attachments.sys.mjs:537:35\n","nativeSavedFrame":{}},"formattedStack":"open@resource://gre/modules/ServiceRequest.sys.mjs:126:11\nfetch/<@resource://services-settings/Utils.sys.mjs:272:15\nfetch@resource://services-settings/Utils.sys.mjs:223:12\n_fetchAttachment@resource://services-settings/Attachments.sys.mjs:560:35\ndownloadAsBytes@resource://services-settings/Attachments.sys.mjs:537:35\n","nativeSavedFrame":{}}
    - message = 
    - name = 
    - result = 2152071198
    - stack = open@resource://gre/modules/ServiceRequest.sys.mjs:126:11|fetch/<@resource://services-settings/Utils.sys.mjs:272:15|fetch@resource://services-settings/Utils.sys.mjs:223:12|_fetchAttachment@resource://services-settings/Attachments.sys.mjs:560:35|downloadAsBytes@resource://services-settings/Attachments.sys.mjs:537:35|
  - prototype Object
console.error: RemoteSecuritySettings: 
  failed to download CRLite filter
Object
  - prototype Object
    - columnNumber = 0
    - data = null
    - filename = resource://gre/modules/ServiceRequest.sys.mjs
    - lineNumber = 126
    - location = {"name":"open","filename":"resource://gre/modules/ServiceRequest.sys.mjs","sourceId":25,"lineNumber":126,"columnNumber":11,"asyncCause":null,"asyncCaller":null,"caller":{"filename":"resource://services-settings/Utils.sys.mjs","name":"fetch/<","sourceId":24,"lineNumber":272,"columnNumber":15,"asyncCause":null,"asyncCaller":null,"caller":{"filename":"resource://services-settings/Utils.sys.mjs","name":"fetch","sourceId":24,"lineNumber":223,"columnNumber":12,"asyncCause":null,"asyncCaller":null,"caller":{"filename":"resource://services-settings/Attachments.sys.mjs","name":"_fetchAttachment","sourceId":23,"lineNumber":560,"columnNumber":35,"asyncCause":null,"asyncCaller":null,"caller":{"filename":"resource://services-settings/Attachments.sys.mjs","name":"downloadAsBytes","sourceId":23,"lineNumber":537,"columnNumber":35,"asyncCause":null,"asyncCaller":null,"caller":null,"formattedStack":"downloadAsBytes@resource://services-settings/Attachments.sys.mjs:537:35\n","nativeSavedFrame":{}},"formattedStack":"_fetchAttachment@resource://services-settings/Attachments.sys.mjs:560:35\ndownloadAsBytes@resource://services-settings/Attachments.sys.mjs:537:35\n","nativeSavedFrame":{}},"formattedStack":"fetch@resource://services-settings/Utils.sys.mjs:223:12\n_fetchAttachment@resource://services-settings/Attachments.sys.mjs:560:35\ndownloadAsBytes@resource://services-settings/Attachments.sys.mjs:537:35\n","nativeSavedFrame":{}},"formattedStack":"fetch/<@resource://services-settings/Utils.sys.mjs:272:15\nfetch@resource://services-settings/Utils.sys.mjs:223:12\n_fetchAttachment@resource://services-settings/Attachments.sys.mjs:560:35\ndownloadAsBytes@resource://services-settings/Attachments.sys.mjs:537:35\n","nativeSavedFrame":{}},"formattedStack":"open@resource://gre/modules/ServiceRequest.sys.mjs:126:11\nfetch/<@resource://services-settings/Utils.sys.mjs:272:15\nfetch@resource://services-settings/Utils.sys.mjs:223:12\n_fetchAttachment@resource://services-settings/Attachments.sys.mjs:560:35\ndownloadAsBytes@resource://services-settings/Attachments.sys.mjs:537:35\n","nativeSavedFrame":{}}
    - message = 
    - name = 
    - result = 2152071198
    - stack = open@resource://gre/modules/ServiceRequest.sys.mjs:126:11|fetch/<@resource://services-settings/Utils.sys.mjs:272:15|fetch@resource://services-settings/Utils.sys.mjs:223:12|_fetchAttachment@resource://services-settings/Attachments.sys.mjs:560:35|downloadAsBytes@resource://services-settings/Attachments.sys.mjs:537:35|
  - prototype Object
console.error: RemoteSecuritySettings: 
  failed to download CRLite filter
Object
  - prototype Object
    - columnNumber = 0
    - data = null
    - filename = resource://gre/modules/ServiceRequest.sys.mjs
    - lineNumber = 126
    - location = {"name":"open","filename":"resource://gre/modules/ServiceRequest.sys.mjs","sourceId":25,"lineNumber":126,"columnNumber":11,"asyncCause":null,"asyncCaller":null,"caller":{"filename":"resource://services-settings/Utils.sys.mjs","name":"fetch/<","sourceId":24,"lineNumber":272,"columnNumber":15,"asyncCause":null,"asyncCaller":null,"caller":{"filename":"resource://services-settings/Utils.sys.mjs","name":"fetch","sourceId":24,"lineNumber":223,"columnNumber":12,"asyncCause":null,"asyncCaller":null,"caller":{"filename":"resource://services-settings/Attachments.sys.mjs","name":"_fetchAttachment","sourceId":23,"lineNumber":560,"columnNumber":35,"asyncCause":null,"asyncCaller":null,"caller":{"filename":"resource://services-settings/Attachments.sys.mjs","name":"downloadAsBytes","sourceId":23,"lineNumber":537,"columnNumber":35,"asyncCause":null,"asyncCaller":null,"caller":null,"formattedStack":"downloadAsBytes@resource://services-settings/Attachments.sys.mjs:537:35\n","nativeSavedFrame":{}},"formattedStack":"_fetchAttachment@resource://services-settings/Attachments.sys.mjs:560:35\ndownloadAsBytes@resource://services-settings/Attachments.sys.mjs:537:35\n","nativeSavedFrame":{}},"formattedStack":"fetch@resource://services-settings/Utils.sys.mjs:223:12\n_fetchAttachment@resource://services-settings/Attachments.sys.mjs:560:35\ndownloadAsBytes@resource://services-settings/Attachments.sys.mjs:537:35\n","nativeSavedFrame":{}},"formattedStack":"fetch/<@resource://services-settings/Utils.sys.mjs:272:15\nfetch@resource://services-settings/Utils.sys.mjs:223:12\n_fetchAttachment@resource://services-settings/Attachments.sys.mjs:560:35\ndownloadAsBytes@resource://services-settings/Attachments.sys.mjs:537:35\n","nativeSavedFrame":{}},"formattedStack":"open@resource://gre/modules/ServiceRequest.sys.mjs:126:11\nfetch/<@resource://services-settings/Utils.sys.mjs:272:15\nfetch@resource://services-settings/Utils.sys.mjs:223:12\n_fetchAttachment@resource://services-settings/Attachments.sys.mjs:560:35\ndownloadAsBytes@resource://services-settings/Attachments.sys.mjs:537:35\n","nativeSavedFrame":{}}
    - message = 
    - name = 
    - result = 2152071198
    - stack = open@resource://gre/modules/ServiceRequest.sys.mjs:126:11|fetch/<@resource://services-settings/Utils.sys.mjs:272:15|fetch@resource://services-settings/Utils.sys.mjs:223:12|_fetchAttachment@resource://services-settings/Attachments.sys.mjs:560:35|downloadAsBytes@resource://services-settings/Attachments.sys.mjs:537:35|
  - prototype Object
console.error: RemoteSecuritySettings: 
  failed to download CRLite filter
Object
  - prototype Object
    - columnNumber = 0
    - data = null
    - filename = resource://gre/modules/ServiceRequest.sys.mjs
    - lineNumber = 126
    - location = {"name":"open","filename":"resource://gre/modules/ServiceRequest.sys.mjs","sourceId":25,"lineNumber":126,"columnNumber":11,"asyncCause":null,"asyncCaller":null,"caller":{"filename":"resource://services-settings/Utils.sys.mjs","name":"fetch/<","sourceId":24,"lineNumber":272,"columnNumber":15,"asyncCause":null,"asyncCaller":null,"caller":{"filename":"resource://services-settings/Utils.sys.mjs","name":"fetch","sourceId":24,"lineNumber":223,"columnNumber":12,"asyncCause":null,"asyncCaller":null,"caller":{"filename":"resource://services-settings/Attachments.sys.mjs","name":"_fetchAttachment","sourceId":23,"lineNumber":560,"columnNumber":35,"asyncCause":null,"asyncCaller":null,"caller":{"filename":"resource://services-settings/Attachments.sys.mjs","name":"downloadAsBytes","sourceId":23,"lineNumber":537,"columnNumber":35,"asyncCause":null,"asyncCaller":null,"caller":null,"formattedStack":"downloadAsBytes@resource://services-settings/Attachments.sys.mjs:537:35\n","nativeSavedFrame":{}},"formattedStack":"_fetchAttachment@resource://services-settings/Attachments.sys.mjs:560:35\ndownloadAsBytes@resource://services-settings/Attachments.sys.mjs:537:35\n","nativeSavedFrame":{}},"formattedStack":"fetch@resource://services-settings/Utils.sys.mjs:223:12\n_fetchAttachment@resource://services-settings/Attachments.sys.mjs:560:35\ndownloadAsBytes@resource://services-settings/Attachments.sys.mjs:537:35\n","nativeSavedFrame":{}},"formattedStack":"fetch/<@resource://services-settings/Utils.sys.mjs:272:15\nfetch@resource://services-settings/Utils.sys.mjs:223:12\n_fetchAttachment@resource://services-settings/Attachments.sys.mjs:560:35\ndownloadAsBytes@resource://services-settings/Attachments.sys.mjs:537:35\n","nativeSavedFrame":{}},"formattedStack":"open@resource://gre/modules/ServiceRequest.sys.mjs:126:11\nfetch/<@resource://services-settings/Utils.sys.mjs:272:15\nfetch@resource://services-settings/Utils.sys.mjs:223:12\n_fetchAttachment@resource://services-settings/Attachments.sys.mjs:560:35\ndownloadAsBytes@resource://services-settings/Attachments.sys.mjs:537:35\n","nativeSavedFrame":{}}
    - message = 
    - name = 
    - result = 2152071198
    - stack = open@resource://gre/modules/ServiceRequest.sys.mjs:126:11|fetch/<@resource://services-settings/Utils.sys.mjs:272:15|fetch@resource://services-settings/Utils.sys.mjs:223:12|_fetchAttachment@resource://services-settings/Attachments.sys.mjs:560:35|downloadAsBytes@resource://services-settings/Attachments.sys.mjs:537:35|
  - prototype Object
console.error: RemoteSecuritySettings: 
  failed to download CRLite filter
Object
  - prototype Object
    - columnNumber = 0
    - data = null
    - filename = resource://gre/modules/ServiceRequest.sys.mjs
    - lineNumber = 126
    - location = {"name":"open","filename":"resource://gre/modules/ServiceRequest.sys.mjs","sourceId":25,"lineNumber":126,"columnNumber":11,"asyncCause":null,"asyncCaller":null,"caller":{"filename":"resource://services-settings/Utils.sys.mjs","name":"fetch/<","sourceId":24,"lineNumber":272,"columnNumber":15,"asyncCause":null,"asyncCaller":null,"caller":{"filename":"resource://services-settings/Utils.sys.mjs","name":"fetch","sourceId":24,"lineNumber":223,"columnNumber":12,"asyncCause":null,"asyncCaller":null,"caller":{"filename":"resource://services-settings/Attachments.sys.mjs","name":"_fetchAttachment","sourceId":23,"lineNumber":560,"columnNumber":35,"asyncCause":null,"asyncCaller":null,"caller":{"filename":"resource://services-settings/Attachments.sys.mjs","name":"downloadAsBytes","sourceId":23,"lineNumber":537,"columnNumber":35,"asyncCause":null,"asyncCaller":null,"caller":null,"formattedStack":"downloadAsBytes@resource://services-settings/Attachments.sys.mjs:537:35\n","nativeSavedFrame":{}},"formattedStack":"_fetchAttachment@resource://services-settings/Attachments.sys.mjs:560:35\ndownloadAsBytes@resource://services-settings/Attachments.sys.mjs:537:35\n","nativeSavedFrame":{}},"formattedStack":"fetch@resource://services-settings/Utils.sys.mjs:223:12\n_fetchAttachment@resource://services-settings/Attachments.sys.mjs:560:35\ndownloadAsBytes@resource://services-settings/Attachments.sys.mjs:537:35\n","nativeSavedFrame":{}},"formattedStack":"fetch/<@resource://services-settings/Utils.sys.mjs:272:15\nfetch@resource://services-settings/Utils.sys.mjs:223:12\n_fetchAttachment@resource://services-settings/Attachments.sys.mjs:560:35\ndownloadAsBytes@resource://services-settings/Attachments.sys.mjs:537:35\n","nativeSavedFrame":{}},"formattedStack":"open@resource://gre/modules/ServiceRequest.sys.mjs:126:11\nfetch/<@resource://services-settings/Utils.sys.mjs:272:15\nfetch@resource://services-settings/Utils.sys.mjs:223:12\n_fetchAttachment@resource://services-settings/Attachments.sys.mjs:560:35\ndownloadAsBytes@resource://services-settings/Attachments.sys.mjs:537:35\n","nativeSavedFrame":{}}
    - message = 
    - name = 
    - result = 2152071198
    - stack = open@resource://gre/modules/ServiceRequest.sys.mjs:126:11|fetch/<@resource://services-settings/Utils.sys.mjs:272:15|fetch@resource://services-settings/Utils.sys.mjs:223:12|_fetchAttachment@resource://services-settings/Attachments.sys.mjs:560:35|downloadAsBytes@resource://services-settings/Attachments.sys.mjs:537:35|
  - prototype Object
console.error: RemoteSecuritySettings: 
  failed to download CRLite filter
Object
  - prototype Object
    - columnNumber = 0
    - data = null
    - filename = resource://gre/modules/ServiceRequest.sys.mjs
    - lineNumber = 126
    - location = {"name":"open","filename":"resource://gre/modules/ServiceRequest.sys.mjs","sourceId":25,"lineNumber":126,"columnNumber":11,"asyncCause":null,"asyncCaller":null,"caller":{"filename":"resource://services-settings/Utils.sys.mjs","name":"fetch/<","sourceId":24,"lineNumber":272,"columnNumber":15,"asyncCause":null,"asyncCaller":null,"caller":{"filename":"resource://services-settings/Utils.sys.mjs","name":"fetch","sourceId":24,"lineNumber":223,"columnNumber":12,"asyncCause":null,"asyncCaller":null,"caller":{"filename":"resource://services-settings/Attachments.sys.mjs","name":"_fetchAttachment","sourceId":23,"lineNumber":560,"columnNumber":35,"asyncCause":null,"asyncCaller":null,"caller":{"filename":"resource://services-settings/Attachments.sys.mjs","name":"downloadAsBytes","sourceId":23,"lineNumber":537,"columnNumber":35,"asyncCause":null,"asyncCaller":null,"caller":null,"formattedStack":"downloadAsBytes@resource://services-settings/Attachments.sys.mjs:537:35\n","nativeSavedFrame":{}},"formattedStack":"_fetchAttachment@resource://services-settings/Attachments.sys.mjs:560:35\ndownloadAsBytes@resource://services-settings/Attachments.sys.mjs:537:35\n","nativeSavedFrame":{}},"formattedStack":"fetch@resource://services-settings/Utils.sys.mjs:223:12\n_fetchAttachment@resource://services-settings/Attachments.sys.mjs:560:35\ndownloadAsBytes@resource://services-settings/Attachments.sys.mjs:537:35\n","nativeSavedFrame":{}},"formattedStack":"fetch/<@resource://services-settings/Utils.sys.mjs:272:15\nfetch@resource://services-settings/Utils.sys.mjs:223:12\n_fetchAttachment@resource://services-settings/Attachments.sys.mjs:560:35\ndownloadAsBytes@resource://services-settings/Attachments.sys.mjs:537:35\n","nativeSavedFrame":{}},"formattedStack":"open@resource://gre/modules/ServiceRequest.sys.mjs:126:11\nfetch/<@resource://services-settings/Utils.sys.mjs:272:15\nfetch@resource://services-settings/Utils.sys.mjs:223:12\n_fetchAttachment@resource://services-settings/Attachments.sys.mjs:560:35\ndownloadAsBytes@resource://services-settings/Attachments.sys.mjs:537:35\n","nativeSavedFrame":{}}
    - message = 
    - name = 
    - result = 2152071198
    - stack = open@resource://gre/modules/ServiceRequest.sys.mjs:126:11|fetch/<@resource://services-settings/Utils.sys.mjs:272:15|fetch@resource://services-settings/Utils.sys.mjs:223:12|_fetchAttachment@resource://services-settings/Attachments.sys.mjs:560:35|downloadAsBytes@resource://services-settings/Attachments.sys.mjs:537:35|
  - prototype Object
console.error: RemoteSecuritySettings: 
  failed to download CRLite filter
Object
  - prototype Object
    - columnNumber = 0
    - data = null
    - filename = resource://gre/modules/ServiceRequest.sys.mjs
    - lineNumber = 126
    - location = {"name":"open","filename":"resource://gre/modules/ServiceRequest.sys.mjs","sourceId":25,"lineNumber":126,"columnNumber":11,"asyncCause":null,"asyncCaller":null,"caller":{"filename":"resource://services-settings/Utils.sys.mjs","name":"fetch/<","sourceId":24,"lineNumber":272,"columnNumber":15,"asyncCause":null,"asyncCaller":null,"caller":{"filename":"resource://services-settings/Utils.sys.mjs","name":"fetch","sourceId":24,"lineNumber":223,"columnNumber":12,"asyncCause":null,"asyncCaller":null,"caller":{"filename":"resource://services-settings/Attachments.sys.mjs","name":"_fetchAttachment","sourceId":23,"lineNumber":560,"columnNumber":35,"asyncCause":null,"asyncCaller":null,"caller":{"filename":"resource://services-settings/Attachments.sys.mjs","name":"downloadAsBytes","sourceId":23,"lineNumber":537,"columnNumber":35,"asyncCause":null,"asyncCaller":null,"caller":null,"formattedStack":"downloadAsBytes@resource://services-settings/Attachments.sys.mjs:537:35\n","nativeSavedFrame":{}},"formattedStack":"_fetchAttachment@resource://services-settings/Attachments.sys.mjs:560:35\ndownloadAsBytes@resource://services-settings/Attachments.sys.mjs:537:35\n","nativeSavedFrame":{}},"formattedStack":"fetch@resource://services-settings/Utils.sys.mjs:223:12\n_fetchAttachment@resource://services-settings/Attachments.sys.mjs:560:35\ndownloadAsBytes@resource://services-settings/Attachments.sys.mjs:537:35\n","nativeSavedFrame":{}},"formattedStack":"fetch/<@resource://services-settings/Utils.sys.mjs:272:15\nfetch@resource://services-settings/Utils.sys.mjs:223:12\n_fetchAttachment@resource://services-settings/Attachments.sys.mjs:560:35\ndownloadAsBytes@resource://services-settings/Attachments.sys.mjs:537:35\n","nativeSavedFrame":{}},"formattedStack":"open@resource://gre/modules/ServiceRequest.sys.mjs:126:11\nfetch/<@resource://services-settings/Utils.sys.mjs:272:15\nfetch@resource://services-settings/Utils.sys.mjs:223:12\n_fetchAttachment@resource://services-settings/Attachments.sys.mjs:560:35\ndownloadAsBytes@resource://services-settings/Attachments.sys.mjs:537:35\n","nativeSavedFrame":{}}
    - message = 
    - name = 
    - result = 2152071198
    - stack = open@resource://gre/modules/ServiceRequest.sys.mjs:126:11|fetch/<@resource://services-settings/Utils.sys.mjs:272:15|fetch@resource://services-settings/Utils.sys.mjs:223:12|_fetchAttachment@resource://services-settings/Attachments.sys.mjs:560:35|downloadAsBytes@resource://services-settings/Attachments.sys.mjs:537:35|
  - prototype Object
console.error: RemoteSecuritySettings: 
  failed to download CRLite filter
Object
  - prototype Object
    - columnNumber = 0
    - data = null
    - filename = resource://gre/modules/ServiceRequest.sys.mjs
    - lineNumber = 126
    - location = {"name":"open","filename":"resource://gre/modules/ServiceRequest.sys.mjs","sourceId":25,"lineNumber":126,"columnNumber":11,"asyncCause":null,"asyncCaller":null,"caller":{"filename":"resource://services-settings/Utils.sys.mjs","name":"fetch/<","sourceId":24,"lineNumber":272,"columnNumber":15,"asyncCause":null,"asyncCaller":null,"caller":{"filename":"resource://services-settings/Utils.sys.mjs","name":"fetch","sourceId":24,"lineNumber":223,"columnNumber":12,"asyncCause":null,"asyncCaller":null,"caller":{"filename":"resource://services-settings/Attachments.sys.mjs","name":"_fetchAttachment","sourceId":23,"lineNumber":560,"columnNumber":35,"asyncCause":null,"asyncCaller":null,"caller":{"filename":"resource://services-settings/Attachments.sys.mjs","name":"downloadAsBytes","sourceId":23,"lineNumber":537,"columnNumber":35,"asyncCause":null,"asyncCaller":null,"caller":null,"formattedStack":"downloadAsBytes@resource://services-settings/Attachments.sys.mjs:537:35\n","nativeSavedFrame":{}},"formattedStack":"_fetchAttachment@resource://services-settings/Attachments.sys.mjs:560:35\ndownloadAsBytes@resource://services-settings/Attachments.sys.mjs:537:35\n","nativeSavedFrame":{}},"formattedStack":"fetch@resource://services-settings/Utils.sys.mjs:223:12\n_fetchAttachment@resource://services-settings/Attachments.sys.mjs:560:35\ndownloadAsBytes@resource://services-settings/Attachments.sys.mjs:537:35\n","nativeSavedFrame":{}},"formattedStack":"fetch/<@resource://services-settings/Utils.sys.mjs:272:15\nfetch@resource://services-settings/Utils.sys.mjs:223:12\n_fetchAttachment@resource://services-settings/Attachments.sys.mjs:560:35\ndownloadAsBytes@resource://services-settings/Attachments.sys.mjs:537:35\n","nativeSavedFrame":{}},"formattedStack":"open@resource://gre/modules/ServiceRequest.sys.mjs:126:11\nfetch/<@resource://services-settings/Utils.sys.mjs:272:15\nfetch@resource://services-settings/Utils.sys.mjs:223:12\n_fetchAttachment@resource://services-settings/Attachments.sys.mjs:560:35\ndownloadAsBytes@resource://services-settings/Attachments.sys.mjs:537:35\n","nativeSavedFrame":{}}
    - message = 
    - name = 
    - result = 2152071198
    - stack = open@resource://gre/modules/ServiceRequest.sys.mjs:126:11|fetch/<@resource://services-settings/Utils.sys.mjs:272:15|fetch@resource://services-settings/Utils.sys.mjs:223:12|_fetchAttachment@resource://services-settings/Attachments.sys.mjs:560:35|downloadAsBytes@resource://services-settings/Attachments.sys.mjs:537:35|
  - prototype Object
console.error: RemoteSecuritySettings: 
  failed to download CRLite filter
Object
  - prototype Object
    - columnNumber = 0
    - data = null
    - filename = resource://gre/modules/ServiceRequest.sys.mjs
    - lineNumber = 126
    - location = {"name":"open","filename":"resource://gre/modules/ServiceRequest.sys.mjs","sourceId":25,"lineNumber":126,"columnNumber":11,"asyncCause":null,"asyncCaller":null,"caller":{"filename":"resource://services-settings/Utils.sys.mjs","name":"fetch/<","sourceId":24,"lineNumber":272,"columnNumber":15,"asyncCause":null,"asyncCaller":null,"caller":{"filename":"resource://services-settings/Utils.sys.mjs","name":"fetch","sourceId":24,"lineNumber":223,"columnNumber":12,"asyncCause":null,"asyncCaller":null,"caller":{"filename":"resource://services-settings/Attachments.sys.mjs","name":"_fetchAttachment","sourceId":23,"lineNumber":560,"columnNumber":35,"asyncCause":null,"asyncCaller":null,"caller":{"filename":"resource://services-settings/Attachments.sys.mjs","name":"downloadAsBytes","sourceId":23,"lineNumber":537,"columnNumber":35,"asyncCause":null,"asyncCaller":null,"caller":null,"formattedStack":"downloadAsBytes@resource://services-settings/Attachments.sys.mjs:537:35\n","nativeSavedFrame":{}},"formattedStack":"_fetchAttachment@resource://services-settings/Attachments.sys.mjs:560:35\ndownloadAsBytes@resource://services-settings/Attachments.sys.mjs:537:35\n","nativeSavedFrame":{}},"formattedStack":"fetch@resource://services-settings/Utils.sys.mjs:223:12\n_fetchAttachment@resource://services-settings/Attachments.sys.mjs:560:35\ndownloadAsBytes@resource://services-settings/Attachments.sys.mjs:537:35\n","nativeSavedFrame":{}},"formattedStack":"fetch/<@resource://services-settings/Utils.sys.mjs:272:15\nfetch@resource://services-settings/Utils.sys.mjs:223:12\n_fetchAttachment@resource://services-settings/Attachments.sys.mjs:560:35\ndownloadAsBytes@resource://services-settings/Attachments.sys.mjs:537:35\n","nativeSavedFrame":{}},"formattedStack":"open@resource://gre/modules/ServiceRequest.sys.mjs:126:11\nfetch/<@resource://services-settings/Utils.sys.mjs:272:15\nfetch@resource://services-settings/Utils.sys.mjs:223:12\n_fetchAttachment@resource://services-settings/Attachments.sys.mjs:560:35\ndownloadAsBytes@resource://services-settings/Attachments.sys.mjs:537:35\n","nativeSavedFrame":{}}
    - message = 
    - name = 
    - result = 2152071198
    - stack = open@resource://gre/modules/ServiceRequest.sys.mjs:126:11|fetch/<@resource://services-settings/Utils.sys.mjs:272:15|fetch@resource://services-settings/Utils.sys.mjs:223:12|_fetchAttachment@resource://services-settings/Attachments.sys.mjs:560:35|downloadAsBytes@resource://services-settings/Attachments.sys.mjs:537:35|
  - prototype Object
console.error: RemoteSecuritySettings: 
  failed to download CRLite filter
Object
  - prototype Object
    - columnNumber = 0
    - data = null
    - filename = resource://gre/modules/ServiceRequest.sys.mjs
    - lineNumber = 126
    - location = {"name":"open","filename":"resource://gre/modules/ServiceRequest.sys.mjs","sourceId":25,"lineNumber":126,"columnNumber":11,"asyncCause":null,"asyncCaller":null,"caller":{"filename":"resource://services-settings/Utils.sys.mjs","name":"fetch/<","sourceId":24,"lineNumber":272,"columnNumber":15,"asyncCause":null,"asyncCaller":null,"caller":{"filename":"resource://services-settings/Utils.sys.mjs","name":"fetch","sourceId":24,"lineNumber":223,"columnNumber":12,"asyncCause":null,"asyncCaller":null,"caller":{"filename":"resource://services-settings/Attachments.sys.mjs","name":"_fetchAttachment","sourceId":23,"lineNumber":560,"columnNumber":35,"asyncCause":null,"asyncCaller":null,"caller":{"filename":"resource://services-settings/Attachments.sys.mjs","name":"downloadAsBytes","sourceId":23,"lineNumber":537,"columnNumber":35,"asyncCause":null,"asyncCaller":null,"caller":null,"formattedStack":"downloadAsBytes@resource://services-settings/Attachments.sys.mjs:537:35\n","nativeSavedFrame":{}},"formattedStack":"_fetchAttachment@resource://services-settings/Attachments.sys.mjs:560:35\ndownloadAsBytes@resource://services-settings/Attachments.sys.mjs:537:35\n","nativeSavedFrame":{}},"formattedStack":"fetch@resource://services-settings/Utils.sys.mjs:223:12\n_fetchAttachment@resource://services-settings/Attachments.sys.mjs:560:35\ndownloadAsBytes@resource://services-settings/Attachments.sys.mjs:537:35\n","nativeSavedFrame":{}},"formattedStack":"fetch/<@resource://services-settings/Utils.sys.mjs:272:15\nfetch@resource://services-settings/Utils.sys.mjs:223:12\n_fetchAttachment@resource://services-settings/Attachments.sys.mjs:560:35\ndownloadAsBytes@resource://services-settings/Attachments.sys.mjs:537:35\n","nativeSavedFrame":{}},"formattedStack":"open@resource://gre/modules/ServiceRequest.sys.mjs:126:11\nfetch/<@resource://services-settings/Utils.sys.mjs:272:15\nfetch@resource://services-settings/Utils.sys.mjs:223:12\n_fetchAttachment@resource://services-settings/Attachments.sys.mjs:560:35\ndownloadAsBytes@resource://services-settings/Attachments.sys.mjs:537:35\n","nativeSavedFrame":{}}
    - message = 
    - name = 
    - result = 2152071198
    - stack = open@resource://gre/modules/ServiceRequest.sys.mjs:126:11|fetch/<@resource://services-settings/Utils.sys.mjs:272:15|fetch@resource://services-settings/Utils.sys.mjs:223:12|_fetchAttachment@resource://services-settings/Attachments.sys.mjs:560:35|downloadAsBytes@resource://services-settings/Attachments.sys.mjs:537:35|
  - prototype Object
console.error: RemoteSecuritySettings: 
  failed to download CRLite filter
Object
  - prototype Object
    - columnNumber = 0
    - data = null
    - filename = resource://gre/modules/ServiceRequest.sys.mjs
    - lineNumber = 126
    - location = {"name":"open","filename":"resource://gre/modules/ServiceRequest.sys.mjs","sourceId":25,"lineNumber":126,"columnNumber":11,"asyncCause":null,"asyncCaller":null,"caller":{"filename":"resource://services-settings/Utils.sys.mjs","name":"fetch/<","sourceId":24,"lineNumber":272,"columnNumber":15,"asyncCause":null,"asyncCaller":null,"caller":{"filename":"resource://services-settings/Utils.sys.mjs","name":"fetch","sourceId":24,"lineNumber":223,"columnNumber":12,"asyncCause":null,"asyncCaller":null,"caller":{"filename":"resource://services-settings/Attachments.sys.mjs","name":"_fetchAttachment","sourceId":23,"lineNumber":560,"columnNumber":35,"asyncCause":null,"asyncCaller":null,"caller":{"filename":"resource://services-settings/Attachments.sys.mjs","name":"downloadAsBytes","sourceId":23,"lineNumber":537,"columnNumber":35,"asyncCause":null,"asyncCaller":null,"caller":null,"formattedStack":"downloadAsBytes@resource://services-settings/Attachments.sys.mjs:537:35\n","nativeSavedFrame":{}},"formattedStack":"_fetchAttachment@resource://services-settings/Attachments.sys.mjs:560:35\ndownloadAsBytes@resource://services-settings/Attachments.sys.mjs:537:35\n","nativeSavedFrame":{}},"formattedStack":"fetch@resource://services-settings/Utils.sys.mjs:223:12\n_fetchAttachment@resource://services-settings/Attachments.sys.mjs:560:35\ndownloadAsBytes@resource://services-settings/Attachments.sys.mjs:537:35\n","nativeSavedFrame":{}},"formattedStack":"fetch/<@resource://services-settings/Utils.sys.mjs:272:15\nfetch@resource://services-settings/Utils.sys.mjs:223:12\n_fetchAttachment@resource://services-settings/Attachments.sys.mjs:560:35\ndownloadAsBytes@resource://services-settings/Attachments.sys.mjs:537:35\n","nativeSavedFrame":{}},"formattedStack":"open@resource://gre/modules/ServiceRequest.sys.mjs:126:11\nfetch/<@resource://services-settings/Utils.sys.mjs:272:15\nfetch@resource://services-settings/Utils.sys.mjs:223:12\n_fetchAttachment@resource://services-settings/Attachments.sys.mjs:560:35\ndownloadAsBytes@resource://services-settings/Attachments.sys.mjs:537:35\n","nativeSavedFrame":{}}
    - message = 
    - name = 
    - result = 2152071198
    - stack = open@resource://gre/modules/ServiceRequest.sys.mjs:126:11|fetch/<@resource://services-settings/Utils.sys.mjs:272:15|fetch@resource://services-settings/Utils.sys.mjs:223:12|_fetchAttachment@resource://services-settings/Attachments.sys.mjs:560:35|downloadAsBytes@resource://services-settings/Attachments.sys.mjs:537:35|
  - prototype Object
console.error: RemoteSecuritySettings: 
  failed to download CRLite filter
Object
  - prototype Object
    - columnNumber = 0
    - data = null
    - filename = resource://gre/modules/ServiceRequest.sys.mjs
    - lineNumber = 126
    - location = {"name":"open","filename":"resource://gre/modules/ServiceRequest.sys.mjs","sourceId":25,"lineNumber":126,"columnNumber":11,"asyncCause":null,"asyncCaller":null,"caller":{"filename":"resource://services-settings/Utils.sys.mjs","name":"fetch/<","sourceId":24,"lineNumber":272,"columnNumber":15,"asyncCause":null,"asyncCaller":null,"caller":{"filename":"resource://services-settings/Utils.sys.mjs","name":"fetch","sourceId":24,"lineNumber":223,"columnNumber":12,"asyncCause":null,"asyncCaller":null,"caller":{"filename":"resource://services-settings/Attachments.sys.mjs","name":"_fetchAttachment","sourceId":23,"lineNumber":560,"columnNumber":35,"asyncCause":null,"asyncCaller":null,"caller":{"filename":"resource://services-settings/Attachments.sys.mjs","name":"downloadAsBytes","sourceId":23,"lineNumber":537,"columnNumber":35,"asyncCause":null,"asyncCaller":null,"caller":null,"formattedStack":"downloadAsBytes@resource://services-settings/Attachments.sys.mjs:537:35\n","nativeSavedFrame":{}},"formattedStack":"_fetchAttachment@resource://services-settings/Attachments.sys.mjs:560:35\ndownloadAsBytes@resource://services-settings/Attachments.sys.mjs:537:35\n","nativeSavedFrame":{}},"formattedStack":"fetch@resource://services-settings/Utils.sys.mjs:223:12\n_fetchAttachment@resource://services-settings/Attachments.sys.mjs:560:35\ndownloadAsBytes@resource://services-settings/Attachments.sys.mjs:537:35\n","nativeSavedFrame":{}},"formattedStack":"fetch/<@resource://services-settings/Utils.sys.mjs:272:15\nfetch@resource://services-settings/Utils.sys.mjs:223:12\n_fetchAttachment@resource://services-settings/Attachments.sys.mjs:560:35\ndownloadAsBytes@resource://services-settings/Attachments.sys.mjs:537:35\n","nativeSavedFrame":{}},"formattedStack":"open@resource://gre/modules/ServiceRequest.sys.mjs:126:11\nfetch/<@resource://services-settings/Utils.sys.mjs:272:15\nfetch@resource://services-settings/Utils.sys.mjs:223:12\n_fetchAttachment@resource://services-settings/Attachments.sys.mjs:560:35\ndownloadAsBytes@resource://services-settings/Attachments.sys.mjs:537:35\n","nativeSavedFrame":{}}
    - message = 
    - name = 
    - result = 2152071198
    - stack = open@resource://gre/modules/ServiceRequest.sys.mjs:126:11|fetch/<@resource://services-settings/Utils.sys.mjs:272:15|fetch@resource://services-settings/Utils.sys.mjs:223:12|_fetchAttachment@resource://services-settings/Attachments.sys.mjs:560:35|downloadAsBytes@resource://services-settings/Attachments.sys.mjs:537:35|
  - prototype Object
console.error: RemoteSecuritySettings: 
  failed to download CRLite filter
Object
  - prototype Object
    - columnNumber = 0
    - data = null
    - filename = resource://gre/modules/ServiceRequest.sys.mjs
    - lineNumber = 126
    - location = {"name":"open","filename":"resource://gre/modules/ServiceRequest.sys.mjs","sourceId":25,"lineNumber":126,"columnNumber":11,"asyncCause":null,"asyncCaller":null,"caller":{"filename":"resource://services-settings/Utils.sys.mjs","name":"fetch/<","sourceId":24,"lineNumber":272,"columnNumber":15,"asyncCause":null,"asyncCaller":null,"caller":{"filename":"resource://services-settings/Utils.sys.mjs","name":"fetch","sourceId":24,"lineNumber":223,"columnNumber":12,"asyncCause":null,"asyncCaller":null,"caller":{"filename":"resource://services-settings/Attachments.sys.mjs","name":"_fetchAttachment","sourceId":23,"lineNumber":560,"columnNumber":35,"asyncCause":null,"asyncCaller":null,"caller":{"filename":"resource://services-settings/Attachments.sys.mjs","name":"downloadAsBytes","sourceId":23,"lineNumber":537,"columnNumber":35,"asyncCause":null,"asyncCaller":null,"caller":null,"formattedStack":"downloadAsBytes@resource://services-settings/Attachments.sys.mjs:537:35\n","nativeSavedFrame":{}},"formattedStack":"_fetchAttachment@resource://services-settings/Attachments.sys.mjs:560:35\ndownloadAsBytes@resource://services-settings/Attachments.sys.mjs:537:35\n","nativeSavedFrame":{}},"formattedStack":"fetch@resource://services-settings/Utils.sys.mjs:223:12\n_fetchAttachment@resource://services-settings/Attachments.sys.mjs:560:35\ndownloadAsBytes@resource://services-settings/Attachments.sys.mjs:537:35\n","nativeSavedFrame":{}},"formattedStack":"fetch/<@resource://services-settings/Utils.sys.mjs:272:15\nfetch@resource://services-settings/Utils.sys.mjs:223:12\n_fetchAttachment@resource://services-settings/Attachments.sys.mjs:560:35\ndownloadAsBytes@resource://services-settings/Attachments.sys.mjs:537:35\n","nativeSavedFrame":{}},"formattedStack":"open@resource://gre/modules/ServiceRequest.sys.mjs:126:11\nfetch/<@resource://services-settings/Utils.sys.mjs:272:15\nfetch@resource://services-settings/Utils.sys.mjs:223:12\n_fetchAttachment@resource://services-settings/Attachments.sys.mjs:560:35\ndownloadAsBytes@resource://services-settings/Attachments.sys.mjs:537:35\n","nativeSavedFrame":{}}
    - message = 
    - name = 
    - result = 2152071198
    - stack = open@resource://gre/modules/ServiceRequest.sys.mjs:126:11|fetch/<@resource://services-settings/Utils.sys.mjs:272:15|fetch@resource://services-settings/Utils.sys.mjs:223:12|_fetchAttachment@resource://services-settings/Attachments.sys.mjs:560:35|downloadAsBytes@resource://services-settings/Attachments.sys.mjs:537:35|
  - prototype Object
console.error: RemoteSecuritySettings: 
  failed to download CRLite filter
Object
  - prototype Object
    - columnNumber = 0
    - data = null
    - filename = resource://gre/modules/ServiceRequest.sys.mjs
    - lineNumber = 126
    - location = {"name":"open","filename":"resource://gre/modules/ServiceRequest.sys.mjs","sourceId":25,"lineNumber":126,"columnNumber":11,"asyncCause":null,"asyncCaller":null,"caller":{"filename":"resource://services-settings/Utils.sys.mjs","name":"fetch/<","sourceId":24,"lineNumber":272,"columnNumber":15,"asyncCause":null,"asyncCaller":null,"caller":{"filename":"resource://services-settings/Utils.sys.mjs","name":"fetch","sourceId":24,"lineNumber":223,"columnNumber":12,"asyncCause":null,"asyncCaller":null,"caller":{"filename":"resource://services-settings/Attachments.sys.mjs","name":"_fetchAttachment","sourceId":23,"lineNumber":560,"columnNumber":35,"asyncCause":null,"asyncCaller":null,"caller":{"filename":"resource://services-settings/Attachments.sys.mjs","name":"downloadAsBytes","sourceId":23,"lineNumber":537,"columnNumber":35,"asyncCause":null,"asyncCaller":null,"caller":null,"formattedStack":"downloadAsBytes@resource://services-settings/Attachments.sys.mjs:537:35\n","nativeSavedFrame":{}},"formattedStack":"_fetchAttachment@resource://services-settings/Attachments.sys.mjs:560:35\ndownloadAsBytes@resource://services-settings/Attachments.sys.mjs:537:35\n","nativeSavedFrame":{}},"formattedStack":"fetch@resource://services-settings/Utils.sys.mjs:223:12\n_fetchAttachment@resource://services-settings/Attachments.sys.mjs:560:35\ndownloadAsBytes@resource://services-settings/Attachments.sys.mjs:537:35\n","nativeSavedFrame":{}},"formattedStack":"fetch/<@resource://services-settings/Utils.sys.mjs:272:15\nfetch@resource://services-settings/Utils.sys.mjs:223:12\n_fetchAttachment@resource://services-settings/Attachments.sys.mjs:560:35\ndownloadAsBytes@resource://services-settings/Attachments.sys.mjs:537:35\n","nativeSavedFrame":{}},"formattedStack":"open@resource://gre/modules/ServiceRequest.sys.mjs:126:11\nfetch/<@resource://services-settings/Utils.sys.mjs:272:15\nfetch@resource://services-settings/Utils.sys.mjs:223:12\n_fetchAttachment@resource://services-settings/Attachments.sys.mjs:560:35\ndownloadAsBytes@resource://services-settings/Attachments.sys.mjs:537:35\n","nativeSavedFrame":{}}
    - message = 
    - name = 
    - result = 2152071198
    - stack = open@resource://gre/modules/ServiceRequest.sys.mjs:126:11|fetch/<@resource://services-settings/Utils.sys.mjs:272:15|fetch@resource://services-settings/Utils.sys.mjs:223:12|_fetchAttachment@resource://services-settings/Attachments.sys.mjs:560:35|downloadAsBytes@resource://services-settings/Attachments.sys.mjs:537:35|
  - prototype Object
console.error: RemoteSecuritySettings: 
  failed to download CRLite filter
Object
  - prototype Object
    - columnNumber = 0
    - data = null
    - filename = resource://gre/modules/ServiceRequest.sys.mjs
    - lineNumber = 126
    - location = {"name":"open","filename":"resource://gre/modules/ServiceRequest.sys.mjs","sourceId":25,"lineNumber":126,"columnNumber":11,"asyncCause":null,"asyncCaller":null,"caller":{"filename":"resource://services-settings/Utils.sys.mjs","name":"fetch/<","sourceId":24,"lineNumber":272,"columnNumber":15,"asyncCause":null,"asyncCaller":null,"caller":{"filename":"resource://services-settings/Utils.sys.mjs","name":"fetch","sourceId":24,"lineNumber":223,"columnNumber":12,"asyncCause":null,"asyncCaller":null,"caller":{"filename":"resource://services-settings/Attachments.sys.mjs","name":"_fetchAttachment","sourceId":23,"lineNumber":560,"columnNumber":35,"asyncCause":null,"asyncCaller":null,"caller":{"filename":"resource://services-settings/Attachments.sys.mjs","name":"downloadAsBytes","sourceId":23,"lineNumber":537,"columnNumber":35,"asyncCause":null,"asyncCaller":null,"caller":null,"formattedStack":"downloadAsBytes@resource://services-settings/Attachments.sys.mjs:537:35\n","nativeSavedFrame":{}},"formattedStack":"_fetchAttachment@resource://services-settings/Attachments.sys.mjs:560:35\ndownloadAsBytes@resource://services-settings/Attachments.sys.mjs:537:35\n","nativeSavedFrame":{}},"formattedStack":"fetch@resource://services-settings/Utils.sys.mjs:223:12\n_fetchAttachment@resource://services-settings/Attachments.sys.mjs:560:35\ndownloadAsBytes@resource://services-settings/Attachments.sys.mjs:537:35\n","nativeSavedFrame":{}},"formattedStack":"fetch/<@resource://services-settings/Utils.sys.mjs:272:15\nfetch@resource://services-settings/Utils.sys.mjs:223:12\n_fetchAttachment@resource://services-settings/Attachments.sys.mjs:560:35\ndownloadAsBytes@resource://services-settings/Attachments.sys.mjs:537:35\n","nativeSavedFrame":{}},"formattedStack":"open@resource://gre/modules/ServiceRequest.sys.mjs:126:11\nfetch/<@resource://services-settings/Utils.sys.mjs:272:15\nfetch@resource://services-settings/Utils.sys.mjs:223:12\n_fetchAttachment@resource://services-settings/Attachments.sys.mjs:560:35\ndownloadAsBytes@resource://services-settings/Attachments.sys.mjs:537:35\n","nativeSavedFrame":{}}
    - message = 
    - name = 
    - result = 2152071198
    - stack = open@resource://gre/modules/ServiceRequest.sys.mjs:126:11|fetch/<@resource://services-settings/Utils.sys.mjs:272:15|fetch@resource://services-settings/Utils.sys.mjs:223:12|_fetchAttachment@resource://services-settings/Attachments.sys.mjs:560:35|downloadAsBytes@resource://services-settings/Attachments.sys.mjs:537:35|
  - prototype Object
console.error: RemoteSecuritySettings: 
  failed to download CRLite filter
Object
  - prototype Object
    - columnNumber = 0
    - data = null
    - filename = resource://gre/modules/ServiceRequest.sys.mjs
    - lineNumber = 126
    - location = {"name":"open","filename":"resource://gre/modules/ServiceRequest.sys.mjs","sourceId":25,"lineNumber":126,"columnNumber":11,"asyncCause":null,"asyncCaller":null,"caller":{"filename":"resource://services-settings/Utils.sys.mjs","name":"fetch/<","sourceId":24,"lineNumber":272,"columnNumber":15,"asyncCause":null,"asyncCaller":null,"caller":{"filename":"resource://services-settings/Utils.sys.mjs","name":"fetch","sourceId":24,"lineNumber":223,"columnNumber":12,"asyncCause":null,"asyncCaller":null,"caller":{"filename":"resource://services-settings/Attachments.sys.mjs","name":"_fetchAttachment","sourceId":23,"lineNumber":560,"columnNumber":35,"asyncCause":null,"asyncCaller":null,"caller":{"filename":"resource://services-settings/Attachments.sys.mjs","name":"downloadAsBytes","sourceId":23,"lineNumber":537,"columnNumber":35,"asyncCause":null,"asyncCaller":null,"caller":null,"formattedStack":"downloadAsBytes@resource://services-settings/Attachments.sys.mjs:537:35\n","nativeSavedFrame":{}},"formattedStack":"_fetchAttachment@resource://services-settings/Attachments.sys.mjs:560:35\ndownloadAsBytes@resource://services-settings/Attachments.sys.mjs:537:35\n","nativeSavedFrame":{}},"formattedStack":"fetch@resource://services-settings/Utils.sys.mjs:223:12\n_fetchAttachment@resource://services-settings/Attachments.sys.mjs:560:35\ndownloadAsBytes@resource://services-settings/Attachments.sys.mjs:537:35\n","nativeSavedFrame":{}},"formattedStack":"fetch/<@resource://services-settings/Utils.sys.mjs:272:15\nfetch@resource://services-settings/Utils.sys.mjs:223:12\n_fetchAttachment@resource://services-settings/Attachments.sys.mjs:560:35\ndownloadAsBytes@resource://services-settings/Attachments.sys.mjs:537:35\n","nativeSavedFrame":{}},"formattedStack":"open@resource://gre/modules/ServiceRequest.sys.mjs:126:11\nfetch/<@resource://services-settings/Utils.sys.mjs:272:15\nfetch@resource://services-settings/Utils.sys.mjs:223:12\n_fetchAttachment@resource://services-settings/Attachments.sys.mjs:560:35\ndownloadAsBytes@resource://services-settings/Attachments.sys.mjs:537:35\n","nativeSavedFrame":{}}
    - message = 
    - name = 
    - result = 2152071198
    - stack = open@resource://gre/modules/ServiceRequest.sys.mjs:126:11|fetch/<@resource://services-settings/Utils.sys.mjs:272:15|fetch@resource://services-settings/Utils.sys.mjs:223:12|_fetchAttachment@resource://services-settings/Attachments.sys.mjs:560:35|downloadAsBytes@resource://services-settings/Attachments.sys.mjs:537:35|
  - prototype Object
console.error: RemoteSecuritySettings: 
  failed to download CRLite filter
Object
  - prototype Object
    - columnNumber = 0
    - data = null
    - filename = resource://gre/modules/ServiceRequest.sys.mjs
    - lineNumber = 126
    - location = {"name":"open","filename":"resource://gre/modules/ServiceRequest.sys.mjs","sourceId":25,"lineNumber":126,"columnNumber":11,"asyncCause":null,"asyncCaller":null,"caller":{"filename":"resource://services-settings/Utils.sys.mjs","name":"fetch/<","sourceId":24,"lineNumber":272,"columnNumber":15,"asyncCause":null,"asyncCaller":null,"caller":{"filename":"resource://services-settings/Utils.sys.mjs","name":"fetch","sourceId":24,"lineNumber":223,"columnNumber":12,"asyncCause":null,"asyncCaller":null,"caller":{"filename":"resource://services-settings/Attachments.sys.mjs","name":"_fetchAttachment","sourceId":23,"lineNumber":560,"columnNumber":35,"asyncCause":null,"asyncCaller":null,"caller":{"filename":"resource://services-settings/Attachments.sys.mjs","name":"downloadAsBytes","sourceId":23,"lineNumber":537,"columnNumber":35,"asyncCause":null,"asyncCaller":null,"caller":null,"formattedStack":"downloadAsBytes@resource://services-settings/Attachments.sys.mjs:537:35\n","nativeSavedFrame":{}},"formattedStack":"_fetchAttachment@resource://services-settings/Attachments.sys.mjs:560:35\ndownloadAsBytes@resource://services-settings/Attachments.sys.mjs:537:35\n","nativeSavedFrame":{}},"formattedStack":"fetch@resource://services-settings/Utils.sys.mjs:223:12\n_fetchAttachment@resource://services-settings/Attachments.sys.mjs:560:35\ndownloadAsBytes@resource://services-settings/Attachments.sys.mjs:537:35\n","nativeSavedFrame":{}},"formattedStack":"fetch/<@resource://services-settings/Utils.sys.mjs:272:15\nfetch@resource://services-settings/Utils.sys.mjs:223:12\n_fetchAttachment@resource://services-settings/Attachments.sys.mjs:560:35\ndownloadAsBytes@resource://services-settings/Attachments.sys.mjs:537:35\n","nativeSavedFrame":{}},"formattedStack":"open@resource://gre/modules/ServiceRequest.sys.mjs:126:11\nfetch/<@resource://services-settings/Utils.sys.mjs:272:15\nfetch@resource://services-settings/Utils.sys.mjs:223:12\n_fetchAttachment@resource://services-settings/Attachments.sys.mjs:560:35\ndownloadAsBytes@resource://services-settings/Attachments.sys.mjs:537:35\n","nativeSavedFrame":{}}
    - message = 
    - name = 
    - result = 2152071198
    - stack = open@resource://gre/modules/ServiceRequest.sys.mjs:126:11|fetch/<@resource://services-settings/Utils.sys.mjs:272:15|fetch@resource://services-settings/Utils.sys.mjs:223:12|_fetchAttachment@resource://services-settings/Attachments.sys.mjs:560:35|downloadAsBytes@resource://services-settings/Attachments.sys.mjs:537:35|
  - prototype Object
console.error: RemoteSecuritySettings: 
  failed to download CRLite filter
Object
  - prototype Object
    - columnNumber = 0
    - data = null
    - filename = resource://gre/modules/ServiceRequest.sys.mjs
    - lineNumber = 126
    - location = {"name":"open","filename":"resource://gre/modules/ServiceRequest.sys.mjs","sourceId":25,"lineNumber":126,"columnNumber":11,"asyncCause":null,"asyncCaller":null,"caller":{"filename":"resource://services-settings/Utils.sys.mjs","name":"fetch/<","sourceId":24,"lineNumber":272,"columnNumber":15,"asyncCause":null,"asyncCaller":null,"caller":{"filename":"resource://services-settings/Utils.sys.mjs","name":"fetch","sourceId":24,"lineNumber":223,"columnNumber":12,"asyncCause":null,"asyncCaller":null,"caller":{"filename":"resource://services-settings/Attachments.sys.mjs","name":"_fetchAttachment","sourceId":23,"lineNumber":560,"columnNumber":35,"asyncCause":null,"asyncCaller":null,"caller":{"filename":"resource://services-settings/Attachments.sys.mjs","name":"downloadAsBytes","sourceId":23,"lineNumber":537,"columnNumber":35,"asyncCause":null,"asyncCaller":null,"caller":null,"formattedStack":"downloadAsBytes@resource://services-settings/Attachments.sys.mjs:537:35\n","nativeSavedFrame":{}},"formattedStack":"_fetchAttachment@resource://services-settings/Attachments.sys.mjs:560:35\ndownloadAsBytes@resource://services-settings/Attachments.sys.mjs:537:35\n","nativeSavedFrame":{}},"formattedStack":"fetch@resource://services-settings/Utils.sys.mjs:223:12\n_fetchAttachment@resource://services-settings/Attachments.sys.mjs:560:35\ndownloadAsBytes@resource://services-settings/Attachments.sys.mjs:537:35\n","nativeSavedFrame":{}},"formattedStack":"fetch/<@resource://services-settings/Utils.sys.mjs:272:15\nfetch@resource://services-settings/Utils.sys.mjs:223:12\n_fetchAttachment@resource://services-settings/Attachments.sys.mjs:560:35\ndownloadAsBytes@resource://services-settings/Attachments.sys.mjs:537:35\n","nativeSavedFrame":{}},"formattedStack":"open@resource://gre/modules/ServiceRequest.sys.mjs:126:11\nfetch/<@resource://services-settings/Utils.sys.mjs:272:15\nfetch@resource://services-settings/Utils.sys.mjs:223:12\n_fetchAttachment@resource://services-settings/Attachments.sys.mjs:560:35\ndownloadAsBytes@resource://services-settings/Attachments.sys.mjs:537:35\n","nativeSavedFrame":{}}
    - message = 
    - name = 
    - result = 2152071198
    - stack = open@resource://gre/modules/ServiceRequest.sys.mjs:126:11|fetch/<@resource://services-settings/Utils.sys.mjs:272:15|fetch@resource://services-settings/Utils.sys.mjs:223:12|_fetchAttachment@resource://services-settings/Attachments.sys.mjs:560:35|downloadAsBytes@resource://services-settings/Attachments.sys.mjs:537:35|
  - prototype Object
console.error: RemoteSecuritySettings: 
  failed to download CRLite filter
Object
  - prototype Object
    - columnNumber = 0
    - data = null
    - filename = resource://gre/modules/ServiceRequest.sys.mjs
    - lineNumber = 126
    - location = {"name":"open","filename":"resource://gre/modules/ServiceRequest.sys.mjs","sourceId":25,"lineNumber":126,"columnNumber":11,"asyncCause":null,"asyncCaller":null,"caller":{"filename":"resource://services-settings/Utils.sys.mjs","name":"fetch/<","sourceId":24,"lineNumber":272,"columnNumber":15,"asyncCause":null,"asyncCaller":null,"caller":{"filename":"resource://services-settings/Utils.sys.mjs","name":"fetch","sourceId":24,"lineNumber":223,"columnNumber":12,"asyncCause":null,"asyncCaller":null,"caller":{"filename":"resource://services-settings/Attachments.sys.mjs","name":"_fetchAttachment","sourceId":23,"lineNumber":560,"columnNumber":35,"asyncCause":null,"asyncCaller":null,"caller":{"filename":"resource://services-settings/Attachments.sys.mjs","name":"downloadAsBytes","sourceId":23,"lineNumber":537,"columnNumber":35,"asyncCause":null,"asyncCaller":null,"caller":null,"formattedStack":"downloadAsBytes@resource://services-settings/Attachments.sys.mjs:537:35\n","nativeSavedFrame":{}},"formattedStack":"_fetchAttachment@resource://services-settings/Attachments.sys.mjs:560:35\ndownloadAsBytes@resource://services-settings/Attachments.sys.mjs:537:35\n","nativeSavedFrame":{}},"formattedStack":"fetch@resource://services-settings/Utils.sys.mjs:223:12\n_fetchAttachment@resource://services-settings/Attachments.sys.mjs:560:35\ndownloadAsBytes@resource://services-settings/Attachments.sys.mjs:537:35\n","nativeSavedFrame":{}},"formattedStack":"fetch/<@resource://services-settings/Utils.sys.mjs:272:15\nfetch@resource://services-settings/Utils.sys.mjs:223:12\n_fetchAttachment@resource://services-settings/Attachments.sys.mjs:560:35\ndownloadAsBytes@resource://services-settings/Attachments.sys.mjs:537:35\n","nativeSavedFrame":{}},"formattedStack":"open@resource://gre/modules/ServiceRequest.sys.mjs:126:11\nfetch/<@resource://services-settings/Utils.sys.mjs:272:15\nfetch@resource://services-settings/Utils.sys.mjs:223:12\n_fetchAttachment@resource://services-settings/Attachments.sys.mjs:560:35\ndownloadAsBytes@resource://services-settings/Attachments.sys.mjs:537:35\n","nativeSavedFrame":{}}
    - message = 
    - name = 
    - result = 2152071198
    - stack = open@resource://gre/modules/ServiceRequest.sys.mjs:126:11|fetch/<@resource://services-settings/Utils.sys.mjs:272:15|fetch@resource://services-settings/Utils.sys.mjs:223:12|_fetchAttachment@resource://services-settings/Attachments.sys.mjs:560:35|downloadAsBytes@resource://services-settings/Attachments.sys.mjs:537:35|
  - prototype Object
console.error: RemoteSecuritySettings: 
  failed to download CRLite filter
Object
  - prototype Object
    - columnNumber = 0
    - data = null
    - filename = resource://gre/modules/ServiceRequest.sys.mjs
    - lineNumber = 126
    - location = {"name":"open","filename":"resource://gre/modules/ServiceRequest.sys.mjs","sourceId":25,"lineNumber":126,"columnNumber":11,"asyncCause":null,"asyncCaller":null,"caller":{"filename":"resource://services-settings/Utils.sys.mjs","name":"fetch/<","sourceId":24,"lineNumber":272,"columnNumber":15,"asyncCause":null,"asyncCaller":null,"caller":{"filename":"resource://services-settings/Utils.sys.mjs","name":"fetch","sourceId":24,"lineNumber":223,"columnNumber":12,"asyncCause":null,"asyncCaller":null,"caller":{"filename":"resource://services-settings/Attachments.sys.mjs","name":"_fetchAttachment","sourceId":23,"lineNumber":560,"columnNumber":35,"asyncCause":null,"asyncCaller":null,"caller":{"filename":"resource://services-settings/Attachments.sys.mjs","name":"downloadAsBytes","sourceId":23,"lineNumber":537,"columnNumber":35,"asyncCause":null,"asyncCaller":null,"caller":null,"formattedStack":"downloadAsBytes@resource://services-settings/Attachments.sys.mjs:537:35\n","nativeSavedFrame":{}},"formattedStack":"_fetchAttachment@resource://services-settings/Attachments.sys.mjs:560:35\ndownloadAsBytes@resource://services-settings/Attachments.sys.mjs:537:35\n","nativeSavedFrame":{}},"formattedStack":"fetch@resource://services-settings/Utils.sys.mjs:223:12\n_fetchAttachment@resource://services-settings/Attachments.sys.mjs:560:35\ndownloadAsBytes@resource://services-settings/Attachments.sys.mjs:537:35\n","nativeSavedFrame":{}},"formattedStack":"fetch/<@resource://services-settings/Utils.sys.mjs:272:15\nfetch@resource://services-settings/Utils.sys.mjs:223:12\n_fetchAttachment@resource://services-settings/Attachments.sys.mjs:560:35\ndownloadAsBytes@resource://services-settings/Attachments.sys.mjs:537:35\n","nativeSavedFrame":{}},"formattedStack":"open@resource://gre/modules/ServiceRequest.sys.mjs:126:11\nfetch/<@resource://services-settings/Utils.sys.mjs:272:15\nfetch@resource://services-settings/Utils.sys.mjs:223:12\n_fetchAttachment@resource://services-settings/Attachments.sys.mjs:560:35\ndownloadAsBytes@resource://services-settings/Attachments.sys.mjs:537:35\n","nativeSavedFrame":{}}
    - message = 
    - name = 
    - result = 2152071198
    - stack = open@resource://gre/modules/ServiceRequest.sys.mjs:126:11|fetch/<@resource://services-settings/Utils.sys.mjs:272:15|fetch@resource://services-settings/Utils.sys.mjs:223:12|_fetchAttachment@resource://services-settings/Attachments.sys.mjs:560:35|downloadAsBytes@resource://services-settings/Attachments.sys.mjs:537:35|
  - prototype Object
console.error: RemoteSecuritySettings: 
  failed to download CRLite filter
Object
  - prototype Object
    - columnNumber = 0
    - data = null
    - filename = resource://gre/modules/ServiceRequest.sys.mjs
    - lineNumber = 126
    - location = {"name":"open","filename":"resource://gre/modules/ServiceRequest.sys.mjs","sourceId":25,"lineNumber":126,"columnNumber":11,"asyncCause":null,"asyncCaller":null,"caller":{"filename":"resource://services-settings/Utils.sys.mjs","name":"fetch/<","sourceId":24,"lineNumber":272,"columnNumber":15,"asyncCause":null,"asyncCaller":null,"caller":{"filename":"resource://services-settings/Utils.sys.mjs","name":"fetch","sourceId":24,"lineNumber":223,"columnNumber":12,"asyncCause":null,"asyncCaller":null,"caller":{"filename":"resource://services-settings/Attachments.sys.mjs","name":"_fetchAttachment","sourceId":23,"lineNumber":560,"columnNumber":35,"asyncCause":null,"asyncCaller":null,"caller":{"filename":"resource://services-settings/Attachments.sys.mjs","name":"downloadAsBytes","sourceId":23,"lineNumber":537,"columnNumber":35,"asyncCause":null,"asyncCaller":null,"caller":null,"formattedStack":"downloadAsBytes@resource://services-settings/Attachments.sys.mjs:537:35\n","nativeSavedFrame":{}},"formattedStack":"_fetchAttachment@resource://services-settings/Attachments.sys.mjs:560:35\ndownloadAsBytes@resource://services-settings/Attachments.sys.mjs:537:35\n","nativeSavedFrame":{}},"formattedStack":"fetch@resource://services-settings/Utils.sys.mjs:223:12\n_fetchAttachment@resource://services-settings/Attachments.sys.mjs:560:35\ndownloadAsBytes@resource://services-settings/Attachments.sys.mjs:537:35\n","nativeSavedFrame":{}},"formattedStack":"fetch/<@resource://services-settings/Utils.sys.mjs:272:15\nfetch@resource://services-settings/Utils.sys.mjs:223:12\n_fetchAttachment@resource://services-settings/Attachments.sys.mjs:560:35\ndownloadAsBytes@resource://services-settings/Attachments.sys.mjs:537:35\n","nativeSavedFrame":{}},"formattedStack":"open@resource://gre/modules/ServiceRequest.sys.mjs:126:11\nfetch/<@resource://services-settings/Utils.sys.mjs:272:15\nfetch@resource://services-settings/Utils.sys.mjs:223:12\n_fetchAttachment@resource://services-settings/Attachments.sys.mjs:560:35\ndownloadAsBytes@resource://services-settings/Attachments.sys.mjs:537:35\n","nativeSavedFrame":{}}
    - message = 
    - name = 
    - result = 2152071198
    - stack = open@resource://gre/modules/ServiceRequest.sys.mjs:126:11|fetch/<@resource://services-settings/Utils.sys.mjs:272:15|fetch@resource://services-settings/Utils.sys.mjs:223:12|_fetchAttachment@resource://services-settings/Attachments.sys.mjs:560:35|downloadAsBytes@resource://services-settings/Attachments.sys.mjs:537:35|
  - prototype Object
console.error: RemoteSecuritySettings: 
  failed to download CRLite filter
Object
  - prototype Object
    - columnNumber = 0
    - data = null
    - filename = resource://gre/modules/ServiceRequest.sys.mjs
    - lineNumber = 126
    - location = {"name":"open","filename":"resource://gre/modules/ServiceRequest.sys.mjs","sourceId":25,"lineNumber":126,"columnNumber":11,"asyncCause":null,"asyncCaller":null,"caller":{"filename":"resource://services-settings/Utils.sys.mjs","name":"fetch/<","sourceId":24,"lineNumber":272,"columnNumber":15,"asyncCause":null,"asyncCaller":null,"caller":{"filename":"resource://services-settings/Utils.sys.mjs","name":"fetch","sourceId":24,"lineNumber":223,"columnNumber":12,"asyncCause":null,"asyncCaller":null,"caller":{"filename":"resource://services-settings/Attachments.sys.mjs","name":"_fetchAttachment","sourceId":23,"lineNumber":560,"columnNumber":35,"asyncCause":null,"asyncCaller":null,"caller":{"filename":"resource://services-settings/Attachments.sys.mjs","name":"downloadAsBytes","sourceId":23,"lineNumber":537,"columnNumber":35,"asyncCause":null,"asyncCaller":null,"caller":null,"formattedStack":"downloadAsBytes@resource://services-settings/Attachments.sys.mjs:537:35\n","nativeSavedFrame":{}},"formattedStack":"_fetchAttachment@resource://services-settings/Attachments.sys.mjs:560:35\ndownloadAsBytes@resource://services-settings/Attachments.sys.mjs:537:35\n","nativeSavedFrame":{}},"formattedStack":"fetch@resource://services-settings/Utils.sys.mjs:223:12\n_fetchAttachment@resource://services-settings/Attachments.sys.mjs:560:35\ndownloadAsBytes@resource://services-settings/Attachments.sys.mjs:537:35\n","nativeSavedFrame":{}},"formattedStack":"fetch/<@resource://services-settings/Utils.sys.mjs:272:15\nfetch@resource://services-settings/Utils.sys.mjs:223:12\n_fetchAttachment@resource://services-settings/Attachments.sys.mjs:560:35\ndownloadAsBytes@resource://services-settings/Attachments.sys.mjs:537:35\n","nativeSavedFrame":{}},"formattedStack":"open@resource://gre/modules/ServiceRequest.sys.mjs:126:11\nfetch/<@resource://services-settings/Utils.sys.mjs:272:15\nfetch@resource://services-settings/Utils.sys.mjs:223:12\n_fetchAttachment@resource://services-settings/Attachments.sys.mjs:560:35\ndownloadAsBytes@resource://services-settings/Attachments.sys.mjs:537:35\n","nativeSavedFrame":{}}
    - message = 
    - name = 
    - result = 2152071198
    - stack = open@resource://gre/modules/ServiceRequest.sys.mjs:126:11|fetch/<@resource://services-settings/Utils.sys.mjs:272:15|fetch@resource://services-settings/Utils.sys.mjs:223:12|_fetchAttachment@resource://services-settings/Attachments.sys.mjs:560:35|downloadAsBytes@resource://services-settings/Attachments.sys.mjs:537:35|
  - prototype Object
console.error: RemoteSecuritySettings: 
  failed to download CRLite filter
Object
  - prototype Object
    - columnNumber = 0
    - data = null
    - filename = resource://gre/modules/ServiceRequest.sys.mjs
    - lineNumber = 126
    - location = {"name":"open","filename":"resource://gre/modules/ServiceRequest.sys.mjs","sourceId":25,"lineNumber":126,"columnNumber":11,"asyncCause":null,"asyncCaller":null,"caller":{"filename":"resource://services-settings/Utils.sys.mjs","name":"fetch/<","sourceId":24,"lineNumber":272,"columnNumber":15,"asyncCause":null,"asyncCaller":null,"caller":{"filename":"resource://services-settings/Utils.sys.mjs","name":"fetch","sourceId":24,"lineNumber":223,"columnNumber":12,"asyncCause":null,"asyncCaller":null,"caller":{"filename":"resource://services-settings/Attachments.sys.mjs","name":"_fetchAttachment","sourceId":23,"lineNumber":560,"columnNumber":35,"asyncCause":null,"asyncCaller":null,"caller":{"filename":"resource://services-settings/Attachments.sys.mjs","name":"downloadAsBytes","sourceId":23,"lineNumber":537,"columnNumber":35,"asyncCause":null,"asyncCaller":null,"caller":null,"formattedStack":"downloadAsBytes@resource://services-settings/Attachments.sys.mjs:537:35\n","nativeSavedFrame":{}},"formattedStack":"_fetchAttachment@resource://services-settings/Attachments.sys.mjs:560:35\ndownloadAsBytes@resource://services-settings/Attachments.sys.mjs:537:35\n","nativeSavedFrame":{}},"formattedStack":"fetch@resource://services-settings/Utils.sys.mjs:223:12\n_fetchAttachment@resource://services-settings/Attachments.sys.mjs:560:35\ndownloadAsBytes@resource://services-settings/Attachments.sys.mjs:537:35\n","nativeSavedFrame":{}},"formattedStack":"fetch/<@resource://services-settings/Utils.sys.mjs:272:15\nfetch@resource://services-settings/Utils.sys.mjs:223:12\n_fetchAttachment@resource://services-settings/Attachments.sys.mjs:560:35\ndownloadAsBytes@resource://services-settings/Attachments.sys.mjs:537:35\n","nativeSavedFrame":{}},"formattedStack":"open@resource://gre/modules/ServiceRequest.sys.mjs:126:11\nfetch/<@resource://services-settings/Utils.sys.mjs:272:15\nfetch@resource://services-settings/Utils.sys.mjs:223:12\n_fetchAttachment@resource://services-settings/Attachments.sys.mjs:560:35\ndownloadAsBytes@resource://services-settings/Attachments.sys.mjs:537:35\n","nativeSavedFrame":{}}
    - message = 
    - name = 
    - result = 2152071198
    - stack = open@resource://gre/modules/ServiceRequest.sys.mjs:126:11|fetch/<@resource://services-settings/Utils.sys.mjs:272:15|fetch@resource://services-settings/Utils.sys.mjs:223:12|_fetchAttachment@resource://services-settings/Attachments.sys.mjs:560:35|downloadAsBytes@resource://services-settings/Attachments.sys.mjs:537:35|
  - prototype Object
console.error: RemoteSecuritySettings: 
  failed to download CRLite filter
Object
  - prototype Object
    - columnNumber = 0
    - data = null
    - filename = resource://gre/modules/ServiceRequest.sys.mjs
    - lineNumber = 126
    - location = {"name":"open","filename":"resource://gre/modules/ServiceRequest.sys.mjs","sourceId":25,"lineNumber":126,"columnNumber":11,"asyncCause":null,"asyncCaller":null,"caller":{"filename":"resource://services-settings/Utils.sys.mjs","name":"fetch/<","sourceId":24,"lineNumber":272,"columnNumber":15,"asyncCause":null,"asyncCaller":null,"caller":{"filename":"resource://services-settings/Utils.sys.mjs","name":"fetch","sourceId":24,"lineNumber":223,"columnNumber":12,"asyncCause":null,"asyncCaller":null,"caller":{"filename":"resource://services-settings/Attachments.sys.mjs","name":"_fetchAttachment","sourceId":23,"lineNumber":560,"columnNumber":35,"asyncCause":null,"asyncCaller":null,"caller":{"filename":"resource://services-settings/Attachments.sys.mjs","name":"downloadAsBytes","sourceId":23,"lineNumber":537,"columnNumber":35,"asyncCause":null,"asyncCaller":null,"caller":null,"formattedStack":"downloadAsBytes@resource://services-settings/Attachments.sys.mjs:537:35\n","nativeSavedFrame":{}},"formattedStack":"_fetchAttachment@resource://services-settings/Attachments.sys.mjs:560:35\ndownloadAsBytes@resource://services-settings/Attachments.sys.mjs:537:35\n","nativeSavedFrame":{}},"formattedStack":"fetch@resource://services-settings/Utils.sys.mjs:223:12\n_fetchAttachment@resource://services-settings/Attachments.sys.mjs:560:35\ndownloadAsBytes@resource://services-settings/Attachments.sys.mjs:537:35\n","nativeSavedFrame":{}},"formattedStack":"fetch/<@resource://services-settings/Utils.sys.mjs:272:15\nfetch@resource://services-settings/Utils.sys.mjs:223:12\n_fetchAttachment@resource://services-settings/Attachments.sys.mjs:560:35\ndownloadAsBytes@resource://services-settings/Attachments.sys.mjs:537:35\n","nativeSavedFrame":{}},"formattedStack":"open@resource://gre/modules/ServiceRequest.sys.mjs:126:11\nfetch/<@resource://services-settings/Utils.sys.mjs:272:15\nfetch@resource://services-settings/Utils.sys.mjs:223:12\n_fetchAttachment@resource://services-settings/Attachments.sys.mjs:560:35\ndownloadAsBytes@resource://services-settings/Attachments.sys.mjs:537:35\n","nativeSavedFrame":{}}
    - message = 
    - name = 
    - result = 2152071198
    - stack = open@resource://gre/modules/ServiceRequest.sys.mjs:126:11|fetch/<@resource://services-settings/Utils.sys.mjs:272:15|fetch@resource://services-settings/Utils.sys.mjs:223:12|_fetchAttachment@resource://services-settings/Attachments.sys.mjs:560:35|downloadAsBytes@resource://services-settings/Attachments.sys.mjs:537:35|
  - prototype Object
console.error: RemoteSecuritySettings: 
  failed to download CRLite filter
Object
  - prototype Object
    - columnNumber = 0
    - data = null
    - filename = resource://gre/modules/ServiceRequest.sys.mjs
    - lineNumber = 126
    - location = {"name":"open","filename":"resource://gre/modules/ServiceRequest.sys.mjs","sourceId":25,"lineNumber":126,"columnNumber":11,"asyncCause":null,"asyncCaller":null,"caller":{"filename":"resource://services-settings/Utils.sys.mjs","name":"fetch/<","sourceId":24,"lineNumber":272,"columnNumber":15,"asyncCause":null,"asyncCaller":null,"caller":{"filename":"resource://services-settings/Utils.sys.mjs","name":"fetch","sourceId":24,"lineNumber":223,"columnNumber":12,"asyncCause":null,"asyncCaller":null,"caller":{"filename":"resource://services-settings/Attachments.sys.mjs","name":"_fetchAttachment","sourceId":23,"lineNumber":560,"columnNumber":35,"asyncCause":null,"asyncCaller":null,"caller":{"filename":"resource://services-settings/Attachments.sys.mjs","name":"downloadAsBytes","sourceId":23,"lineNumber":537,"columnNumber":35,"asyncCause":null,"asyncCaller":null,"caller":null,"formattedStack":"downloadAsBytes@resource://services-settings/Attachments.sys.mjs:537:35\n","nativeSavedFrame":{}},"formattedStack":"_fetchAttachment@resource://services-settings/Attachments.sys.mjs:560:35\ndownloadAsBytes@resource://services-settings/Attachments.sys.mjs:537:35\n","nativeSavedFrame":{}},"formattedStack":"fetch@resource://services-settings/Utils.sys.mjs:223:12\n_fetchAttachment@resource://services-settings/Attachments.sys.mjs:560:35\ndownloadAsBytes@resource://services-settings/Attachments.sys.mjs:537:35\n","nativeSavedFrame":{}},"formattedStack":"fetch/<@resource://services-settings/Utils.sys.mjs:272:15\nfetch@resource://services-settings/Utils.sys.mjs:223:12\n_fetchAttachment@resource://services-settings/Attachments.sys.mjs:560:35\ndownloadAsBytes@resource://services-settings/Attachments.sys.mjs:537:35\n","nativeSavedFrame":{}},"formattedStack":"open@resource://gre/modules/ServiceRequest.sys.mjs:126:11\nfetch/<@resource://services-settings/Utils.sys.mjs:272:15\nfetch@resource://services-settings/Utils.sys.mjs:223:12\n_fetchAttachment@resource://services-settings/Attachments.sys.mjs:560:35\ndownloadAsBytes@resource://services-settings/Attachments.sys.mjs:537:35\n","nativeSavedFrame":{}}
    - message = 
    - name = 
    - result = 2152071198
    - stack = open@resource://gre/modules/ServiceRequest.sys.mjs:126:11|fetch/<@resource://services-settings/Utils.sys.mjs:272:15|fetch@resource://services-settings/Utils.sys.mjs:223:12|_fetchAttachment@resource://services-settings/Attachments.sys.mjs:560:35|downloadAsBytes@resource://services-settings/Attachments.sys.mjs:537:35|
  - prototype Object
console.error: RemoteSecuritySettings: 
  failed to download CRLite filter
Object
  - prototype Object
    - columnNumber = 0
    - data = null
    - filename = resource://gre/modules/ServiceRequest.sys.mjs
    - lineNumber = 126
    - location = {"name":"open","filename":"resource://gre/modules/ServiceRequest.sys.mjs","sourceId":25,"lineNumber":126,"columnNumber":11,"asyncCause":null,"asyncCaller":null,"caller":{"filename":"resource://services-settings/Utils.sys.mjs","name":"fetch/<","sourceId":24,"lineNumber":272,"columnNumber":15,"asyncCause":null,"asyncCaller":null,"caller":{"filename":"resource://services-settings/Utils.sys.mjs","name":"fetch","sourceId":24,"lineNumber":223,"columnNumber":12,"asyncCause":null,"asyncCaller":null,"caller":{"filename":"resource://services-settings/Attachments.sys.mjs","name":"_fetchAttachment","sourceId":23,"lineNumber":560,"columnNumber":35,"asyncCause":null,"asyncCaller":null,"caller":{"filename":"resource://services-settings/Attachments.sys.mjs","name":"downloadAsBytes","sourceId":23,"lineNumber":537,"columnNumber":35,"asyncCause":null,"asyncCaller":null,"caller":null,"formattedStack":"downloadAsBytes@resource://services-settings/Attachments.sys.mjs:537:35\n","nativeSavedFrame":{}},"formattedStack":"_fetchAttachment@resource://services-settings/Attachments.sys.mjs:560:35\ndownloadAsBytes@resource://services-settings/Attachments.sys.mjs:537:35\n","nativeSavedFrame":{}},"formattedStack":"fetch@resource://services-settings/Utils.sys.mjs:223:12\n_fetchAttachment@resource://services-settings/Attachments.sys.mjs:560:35\ndownloadAsBytes@resource://services-settings/Attachments.sys.mjs:537:35\n","nativeSavedFrame":{}},"formattedStack":"fetch/<@resource://services-settings/Utils.sys.mjs:272:15\nfetch@resource://services-settings/Utils.sys.mjs:223:12\n_fetchAttachment@resource://services-settings/Attachments.sys.mjs:560:35\ndownloadAsBytes@resource://services-settings/Attachments.sys.mjs:537:35\n","nativeSavedFrame":{}},"formattedStack":"open@resource://gre/modules/ServiceRequest.sys.mjs:126:11\nfetch/<@resource://services-settings/Utils.sys.mjs:272:15\nfetch@resource://services-settings/Utils.sys.mjs:223:12\n_fetchAttachment@resource://services-settings/Attachments.sys.mjs:560:35\ndownloadAsBytes@resource://services-settings/Attachments.sys.mjs:537:35\n","nativeSavedFrame":{}}
    - message = 
    - name = 
    - result = 2152071198
    - stack = open@resource://gre/modules/ServiceRequest.sys.mjs:126:11|fetch/<@resource://services-settings/Utils.sys.mjs:272:15|fetch@resource://services-settings/Utils.sys.mjs:223:12|_fetchAttachment@resource://services-settings/Attachments.sys.mjs:560:35|downloadAsBytes@resource://services-settings/Attachments.sys.mjs:537:35|
  - prototype Object
console.error: RemoteSecuritySettings: 
  failed to download CRLite filter
Object
  - prototype Object
    - columnNumber = 0
    - data = null
    - filename = resource://gre/modules/ServiceRequest.sys.mjs
    - lineNumber = 126
    - location = {"name":"open","filename":"resource://gre/modules/ServiceRequest.sys.mjs","sourceId":25,"lineNumber":126,"columnNumber":11,"asyncCause":null,"asyncCaller":null,"caller":{"filename":"resource://services-settings/Utils.sys.mjs","name":"fetch/<","sourceId":24,"lineNumber":272,"columnNumber":15,"asyncCause":null,"asyncCaller":null,"caller":{"filename":"resource://services-settings/Utils.sys.mjs","name":"fetch","sourceId":24,"lineNumber":223,"columnNumber":12,"asyncCause":null,"asyncCaller":null,"caller":{"filename":"resource://services-settings/Attachments.sys.mjs","name":"_fetchAttachment","sourceId":23,"lineNumber":560,"columnNumber":35,"asyncCause":null,"asyncCaller":null,"caller":{"filename":"resource://services-settings/Attachments.sys.mjs","name":"downloadAsBytes","sourceId":23,"lineNumber":537,"columnNumber":35,"asyncCause":null,"asyncCaller":null,"caller":null,"formattedStack":"downloadAsBytes@resource://services-settings/Attachments.sys.mjs:537:35\n","nativeSavedFrame":{}},"formattedStack":"_fetchAttachment@resource://services-settings/Attachments.sys.mjs:560:35\ndownloadAsBytes@resource://services-settings/Attachments.sys.mjs:537:35\n","nativeSavedFrame":{}},"formattedStack":"fetch@resource://services-settings/Utils.sys.mjs:223:12\n_fetchAttachment@resource://services-settings/Attachments.sys.mjs:560:35\ndownloadAsBytes@resource://services-settings/Attachments.sys.mjs:537:35\n","nativeSavedFrame":{}},"formattedStack":"fetch/<@resource://services-settings/Utils.sys.mjs:272:15\nfetch@resource://services-settings/Utils.sys.mjs:223:12\n_fetchAttachment@resource://services-settings/Attachments.sys.mjs:560:35\ndownloadAsBytes@resource://services-settings/Attachments.sys.mjs:537:35\n","nativeSavedFrame":{}},"formattedStack":"open@resource://gre/modules/ServiceRequest.sys.mjs:126:11\nfetch/<@resource://services-settings/Utils.sys.mjs:272:15\nfetch@resource://services-settings/Utils.sys.mjs:223:12\n_fetchAttachment@resource://services-settings/Attachments.sys.mjs:560:35\ndownloadAsBytes@resource://services-settings/Attachments.sys.mjs:537:35\n","nativeSavedFrame":{}}
    - message = 
    - name = 
    - result = 2152071198
    - stack = open@resource://gre/modules/ServiceRequest.sys.mjs:126:11|fetch/<@resource://services-settings/Utils.sys.mjs:272:15|fetch@resource://services-settings/Utils.sys.mjs:223:12|_fetchAttachment@resource://services-settings/Attachments.sys.mjs:560:35|downloadAsBytes@resource://services-settings/Attachments.sys.mjs:537:35|
  - prototype Object
JavaScript error: resource:///modules/AboutNewTab.sys.mjs, line 242: NS_ERROR_ILLEGAL_VALUE: Component returned failure code: 0x80070057 (NS_ERROR_ILLEGAL_VALUE) [nsIObserverService.removeObserver]
JavaScript error: resource://gre/modules/JSONFile.sys.mjs, line 432: TypeError: can't access property "toJSONSafe", this._data is null
